FIRST,LAST,AB,H,2B,3B,HR,RBI,SO,BB,HBP,IBB,SB,CS,GIDP,SH,SF,BA,OBP,SLG,OPS,TB,RC,TA,ISO,SECA,RC27
Jose,Abreu,499,132,36,1,22,78,109,37,11,7,2,0,0,0,6,0.265,0.325,0.473,0.798,236,81.6412296564,0.779291553134,0.208,0.286573146293,5.90968686521
Ronald,Acuna,433,127,26,4,26,64,123,45,6,2,16,4,0,0,3,0.293,0.366,0.552,0.917,239,93.4740862423,0.974193548387,0.259,0.390300230947,8.0632598356
Willy,Adames,288,80,7,0,10,34,95,31,1,3,6,5,0,1,2,0.278,0.348,0.406,0.754,117,42.806625387,0.704225352113,0.128,0.239583333333,5.35082817337
Lane,Adams,25,6,1,0,2,6,8,4,0,0,1,0,0,0,0,0.24,0.345,0.52,0.865,13,5.02068965517,0.947368421053,0.28,0.48,7.13466424682
Matt,Adams,306,73,10,0,21,57,73,27,4,3,0,0,0,0,0,0.239,0.309,0.477,0.786,146,47.3030267062,0.759656652361,0.238,0.326797385621,5.48146661403
Jim,Adduci,176,47,8,2,3,21,45,6,0,0,1,0,0,2,1,0.267,0.29,0.386,0.676,68,20.5238918919,0.581395348837,0.119,0.159090909091,4.19806879607
Ehire,Adrianza,335,84,23,1,6,39,82,24,1,2,5,0,0,4,2,0.251,0.301,0.379,0.68,127,41.3068306011,0.625498007968,0.128,0.214925373134,4.33962811762
Jesus,Aguilar,492,135,25,0,35,108,143,58,6,3,0,0,0,0,10,0.274,0.352,0.539,0.89,265,100.575865724,0.921568627451,0.265,0.382113821138,7.39931437209
Nick,Ahmed,516,121,33,5,16,70,109,40,2,2,5,4,0,1,5,0.234,0.29,0.411,0.7,212,64.3104255319,0.639097744361,0.177,0.255813953488,4.28736170213
Hanser,Alberto,27,5,2,0,0,0,4,2,0,0,0,1,0,1,0,0.185,0.241,0.259,0.501,7,1.608,0.347826086957,0.074,0.111111111111,1.809
Ozzie,Albies,639,167,40,5,24,72,116,36,5,0,14,3,0,1,3,0.261,0.305,0.452,0.757,289,92.6156432749,0.717894736842,0.191,0.264475743349,5.22050598835
Sandy,Alcantara,12,0,0,0,0,0,8,1,0,0,0,0,0,0,0,0.0,0.077,0.0,0.077,0,0.02,0.0833333333333,0.0,0.0833333333333,0.045
Jorge,Alfaro,344,90,16,2,10,37,138,18,14,6,3,0,0,0,1,0.262,0.324,0.407,0.731,140,48.165729443,0.688976377953,0.145,0.206395348837,5.09990076455
Anthony,Alford,19,2,0,0,0,1,9,2,0,0,1,0,0,0,0,0.105,0.19,0.105,0.296,2,0.579047619048,0.294117647059,0.0,0.157894736842,0.919663865546
Greg,Allen,265,68,11,3,2,20,58,14,7,1,21,2,0,4,1,0.257,0.31,0.343,0.654,91,32.8028865979,0.658291457286,0.086,0.211320754717,4.34155852032
Abraham,Almonte,134,24,1,2,3,9,36,15,0,0,2,2,0,1,1,0.179,0.26,0.284,0.544,38,10.7765562914,0.473214285714,0.105,0.216417910448,2.55234227954
Albert,Almora,444,127,24,1,5,41,83,24,3,1,1,3,0,2,6,0.286,0.323,0.378,0.701,168,56.5666805846,0.603125,0.092,0.141891891892,4.6564035847
Yonder,Alonso,516,129,19,0,23,83,123,51,2,1,0,0,0,0,5,0.25,0.317,0.421,0.738,217,73.916097561,0.697674418605,0.171,0.269379844961,5.09115978099
Aaron,Altherr,243,44,11,1,8,38,91,36,4,0,3,2,0,0,2,0.181,0.295,0.333,0.628,81,27.0456140351,0.606965174129,0.152,0.304526748971,3.59719989629
Jose,Altuve,534,169,29,2,13,61,79,55,6,4,17,3,0,3,1,0.316,0.386,0.451,0.837,241,101.085108514,0.858695652174,0.135,0.26404494382,7.33682239216
Pedro,Alvarez,111,20,2,0,8,18,36,16,0,0,0,0,0,0,0,0.18,0.283,0.414,0.698,46,14.2185826772,0.681318681319,0.234,0.378378378378,4.21870035476
Brian,Anderson,590,161,34,4,11,65,129,62,16,2,2,1,0,0,2,0.273,0.357,0.4,0.757,236,91.5909253731,0.732558139535,0.127,0.233898305085,5.72443283582
Chase,Anderson,45,4,0,0,0,2,23,0,0,0,0,0,0,4,0,0.089,0.089,0.089,0.178,4,0.496326530612,0.0975609756098,0.0,0.0,0.297795918367
Tim,Anderson,567,136,28,3,20,64,149,30,4,2,26,6,0,2,3,0.24,0.281,0.406,0.687,230,68.858349835,0.649885583524,0.166,0.253968253968,4.20627928856
Tyler,Anderson,50,5,0,0,0,1,32,3,1,0,0,0,0,6,0,0.1,0.167,0.1,0.267,5,1.374,0.2,0.0,0.06,0.727411764706
John,Andreoli,61,14,2,0,0,4,19,5,0,0,2,0,0,0,1,0.23,0.284,0.262,0.546,16,5.34835820896,0.489361702128,0.032,0.147540983607,3.00845149254
Elvis,Andrus,395,101,20,3,6,33,66,28,3,0,5,2,0,0,2,0.256,0.308,0.367,0.675,145,47.5957943925,0.60472972973,0.111,0.189873417722,4.31237063288
Miguel,Andujar,573,170,47,2,27,92,97,25,4,2,2,1,0,0,4,0.297,0.328,0.527,0.855,302,101.986336634,0.821782178218,0.23,0.275741710297,6.74909580664
Chris,Archer,17,2,1,0,0,0,6,0,0,0,0,0,0,0,0,0.118,0.118,0.176,0.294,3,0.352941176471,0.2,0.058,0.0588235294118,0.635294117647
Francisco,Arcia,103,21,5,0,6,23,27,1,2,0,1,0,0,0,0,0.204,0.226,0.427,0.654,44,10.2566037736,0.585365853659,0.223,0.242718446602,3.37717441325
Orlando,Arcia,348,82,16,0,3,30,87,15,1,0,7,4,0,1,1,0.236,0.268,0.307,0.576,107,29.7512568306,0.466666666667,0.071,0.123563218391,2.95324975892
Nolan,Arenado,590,175,38,2,38,110,122,73,3,10,2,2,0,1,6,0.297,0.374,0.561,0.935,331,130.545557207,0.976019184652,0.264,0.38813559322,8.31304255796
Jake,Arrieta,45,6,0,0,1,3,27,3,0,0,0,0,0,2,0,0.133,0.188,0.2,0.388,9,1.9476,0.307692307692,0.067,0.133333333333,1.28256585366
Christian,Arroyo,53,14,2,1,1,6,16,6,0,0,0,0,0,0,0,0.264,0.339,0.396,0.735,21,7.64745762712,0.692307692308,0.132,0.245283018868,5.29439374185
Willians,Astudillo,93,33,4,1,3,21,3,2,1,0,0,0,0,0,1,0.355,0.371,0.516,0.887,48,18.2969072165,0.85,0.161,0.182795698925,8.09863106304
Carlos,Asuaje,189,37,8,1,2,19,46,24,1,1,1,1,0,1,3,0.196,0.286,0.28,0.566,53,17.303853211,0.509803921569,0.084,0.21164021164,2.97582188979
Tyler,Austin,244,56,10,0,17,47,95,19,2,0,1,1,0,0,3,0.23,0.287,0.48,0.767,117,35.3173134328,0.730158730159,0.25,0.327868852459,4.96649720149
Abiatal,Avelino,11,3,0,0,0,0,3,0,0,0,0,0,0,0,0,0.273,0.273,0.273,0.545,3,0.818181818182,0.375,0.0,0.0,2.76136363636
Alex,Avila,194,32,6,0,7,20,90,37,1,2,0,0,0,0,2,0.165,0.299,0.304,0.603,59,20.7606837607,0.598765432099,0.139,0.329896907216,3.41791744841
Harrison,Bader,379,100,20,2,12,37,125,31,11,3,15,3,0,2,4,0.264,0.334,0.422,0.756,160,58.9399063232,0.758865248227,0.158,0.271767810026,5.5256162178
Javier,Baez,606,176,40,9,34,111,167,29,5,8,21,8,0,1,4,0.29,0.326,0.554,0.881,336,111.579162791,0.874429223744,0.264,0.333333333333,6.80053588115
Homer,Bailey,26,3,0,0,0,0,13,1,0,0,0,0,0,7,0,0.115,0.148,0.115,0.264,3,0.811764705882,0.173913043478,0.0,0.0384615384615,0.730588235294
Jett,Bandy,64,12,2,0,1,1,23,3,4,0,0,0,0,0,0,0.188,0.268,0.266,0.533,17,5.03633802817,0.461538461538,0.078,0.125,2.61502166847
Austin,Barnes,201,41,5,0,4,14,68,31,6,4,4,3,0,1,0,0.204,0.328,0.289,0.616,58,21.7092050209,0.588957055215,0.085,0.243781094527,3.57407643637
Brandon,Barnes,19,5,0,0,1,2,5,2,0,0,0,0,0,0,0,0.263,0.333,0.421,0.754,8,2.84,0.714285714286,0.158,0.263157894737,5.47714285714
Tucker,Barnhart,460,114,21,3,10,46,96,54,2,2,0,2,0,3,3,0.248,0.328,0.372,0.699,171,60.5572413793,0.646551724138,0.124,0.236956521739,4.61877264757
Franklin,Barreto,73,17,4,0,5,16,29,1,1,0,0,0,0,0,0,0.233,0.253,0.493,0.746,36,9.25173333333,0.678571428571,0.26,0.27397260274,4.46065714286
Jake,Bauers,323,65,22,2,11,48,104,54,3,0,6,5,0,2,6,0.201,0.316,0.384,0.7,124,44.0559278351,0.692015209125,0.183,0.352941176471,4.38933598357
Jose,Bautista,325,66,18,0,13,48,111,67,6,2,4,3,0,0,1,0.203,0.348,0.378,0.727,123,49.1031578947,0.751908396947,0.175,0.384615384615,5.04100860516
Gordon,Beckham,44,8,1,0,0,1,11,4,0,0,1,0,0,2,0,0.182,0.25,0.205,0.455,9,2.784,0.388888888889,0.023,0.136363636364,1.97810526316
Tim,Beckham,369,85,17,0,12,35,100,27,3,0,1,2,0,1,2,0.23,0.287,0.374,0.661,138,41.5682587065,0.583916083916,0.144,0.214092140921,3.88353974074
Josh,Bell,501,131,31,4,12,62,104,77,0,2,2,1,0,0,5,0.261,0.357,0.411,0.768,206,81.3584562607,0.765498652291,0.15,0.305389221557,5.84222957191
Cody,Bellinger,557,145,28,7,25,76,151,69,3,9,14,0,0,0,3,0.26,0.343,0.47,0.814,262,98.6182594937,0.844660194175,0.21,0.359066427289,6.41612772609
Brandon,Belt,399,101,18,2,14,46,107,49,6,6,4,0,0,0,2,0.253,0.342,0.414,0.756,165,61.8731578947,0.751677852349,0.161,0.293233082707,5.56858421053
Adrian,Beltre,433,118,23,1,15,65,96,34,6,2,1,0,0,0,8,0.273,0.328,0.434,0.763,188,66.5373804574,0.726984126984,0.161,0.242494226328,5.56194821161
Andrew,Benintendi,579,168,41,6,16,87,106,71,2,1,21,2,0,2,7,0.29,0.366,0.465,0.83,269,109.672435703,0.874092009685,0.175,0.3298791019,7.01695678672
Jon,Berti,15,4,1,1,0,2,4,0,0,0,1,0,0,0,0,0.267,0.267,0.467,0.733,7,2.00533333333,0.727272727273,0.2,0.266666666667,4.92218181818
Chad,Bettis,34,3,0,0,0,2,18,2,0,0,0,0,0,3,0,0.088,0.139,0.088,0.227,3,0.651282051282,0.161290322581,0.0,0.0588235294118,0.517194570136
Mookie,Betts,520,180,47,5,32,80,91,81,8,8,30,6,0,0,5,0.346,0.438,0.64,1.078,333,159.453387622,1.28901734104,0.294,0.496153846154,12.2656452017
Greg,Bird,272,54,16,1,11,38,78,30,5,1,0,0,0,0,4,0.199,0.286,0.386,0.672,105,33.1732475884,0.642201834862,0.187,0.297794117647,4.03458416616
Ty,Blach,29,1,0,0,0,0,15,2,0,0,0,0,0,3,0,0.034,0.097,0.034,0.131,1,0.271764705882,0.107142857143,0.0,0.0689655172414,0.23669829222
Charlie,Blackmon,626,182,31,7,29,70,134,59,8,2,12,4,0,1,2,0.291,0.358,0.502,0.86,314,119.226293103,0.868303571429,0.211,0.317891373802,7.13771599511
Gregor,Blanco,189,41,7,3,2,12,58,12,0,0,6,2,0,1,1,0.217,0.262,0.317,0.58,60,16.9028571429,0.506666666667,0.1,0.185185185185,3.00248120301
Alex,Blandino,128,30,4,0,1,8,41,13,4,1,0,0,0,2,0,0.234,0.324,0.289,0.613,37,13.4925170068,0.551020408163,0.055,0.15625,3.64297959184
Jabari,Blash,39,4,1,0,0,1,24,5,0,0,2,1,0,0,1,0.103,0.2,0.128,0.328,5,1.39733333333,0.305555555556,0.025,0.179487179487,1.01967567568
Xander,Bogaerts,512,148,45,3,23,103,101,55,6,4,8,2,0,0,6,0.289,0.361,0.523,0.884,268,103.714507772,0.915300546448,0.234,0.353515625,7.52766588668
Jorge,Bonifacio,236,53,16,2,4,23,71,29,2,1,0,1,0,1,2,0.225,0.312,0.36,0.672,85,29.006962963,0.625,0.135,0.254237288136,4.18817112299
Christopher,Bostick,16,3,1,0,0,2,7,2,0,0,0,0,0,0,0,0.188,0.278,0.25,0.528,4,1.25555555556,0.461538461538,0.062,0.1875,2.60769230769
David,Bote,184,44,9,2,6,33,60,19,4,1,3,3,0,0,3,0.239,0.319,0.408,0.727,75,25.5512380952,0.685314685315,0.169,0.271739130435,4.72522896282
Justin,Bour,423,96,13,1,20,59,124,73,2,6,2,0,0,0,3,0.227,0.341,0.404,0.746,171,65.3759281437,0.758409785933,0.177,0.354609929078,5.34893957539
Peter,Bourjos,44,9,2,1,1,4,15,2,0,0,0,0,0,1,0,0.205,0.239,0.364,0.603,16,3.98808510638,0.514285714286,0.159,0.204545454545,2.99106382979
Jackie,Bradley,474,111,33,4,13,59,137,46,11,3,17,1,0,0,4,0.234,0.314,0.403,0.717,191,67.4118130841,0.725274725275,0.169,0.299578059072,4.9459754165
Michael,Brantley,570,176,36,2,17,76,60,48,5,0,12,2,0,1,6,0.309,0.364,0.468,0.832,267,104.729873016,0.833333333333,0.159,0.261403508772,7.01664161645
Steven,Brault,20,3,1,0,0,0,5,1,0,0,0,0,0,0,0,0.15,0.19,0.2,0.39,4,0.811428571429,0.294117647059,0.05,0.1,1.2887394958
Ryan,Braun,405,103,25,1,20,64,85,34,2,5,11,5,0,0,3,0.254,0.313,0.469,0.782,190,61.971981982,0.755700325733,0.215,0.313580246914,5.39755972101
Alex,Bregman,594,170,51,1,31,103,85,96,12,2,10,3,0,0,3,0.286,0.394,0.532,0.926,316,136.64964539,1.0093676815,0.246,0.419191919192,8.580326571
Jose,Briceno,117,28,2,0,5,10,35,8,2,0,0,0,0,1,0,0.239,0.299,0.385,0.684,45,14.285625,0.61797752809,0.146,0.213675213675,4.2856875
Lewis,Brinson,382,76,10,5,11,42,120,17,4,2,2,0,0,0,2,0.199,0.24,0.338,0.577,129,32.5776296296,0.496732026144,0.139,0.188481675393,2.85583116883
Socrates,Brito,40,7,0,0,1,3,9,3,0,0,0,1,0,0,1,0.175,0.227,0.25,0.477,10,2.31136363636,0.352941176471,0.075,0.125,1.78305194805
Keon,Broxton,78,14,2,2,4,11,28,11,0,0,5,0,0,0,0,0.179,0.281,0.41,0.691,32,10.5224719101,0.75,0.231,0.435897435897,4.43916783708
Jay,Bruce,319,71,18,1,9,37,75,41,0,4,2,2,0,0,1,0.223,0.31,0.37,0.68,118,39.3623268698,0.636,0.147,0.275862068966,4.23419452384
Kris,Bryant,389,106,28,3,13,52,107,48,17,6,2,3,0,0,3,0.272,0.374,0.46,0.834,179,72.3980743982,0.84965034965,0.188,0.308483290488,6.76383394032
Clay,Buchholz,31,2,1,0,0,1,17,1,0,0,0,0,0,5,0,0.065,0.094,0.097,0.191,3,0.475135135135,0.137931034483,0.032,0.0645161290323,0.377313195548
Walker,Buehler,43,7,0,0,0,1,21,2,0,0,0,0,0,2,0,0.163,0.2,0.163,0.363,7,1.63914893617,0.25,0.0,0.046511627907,1.16465845465
Madison,Bumgarner,44,7,2,0,0,4,20,1,0,0,0,0,0,0,1,0.159,0.174,0.205,0.378,9,1.70086956522,0.27027027027,0.046,0.0681818181818,1.20851258581
Drew,Butera,163,31,9,0,3,21,39,15,2,0,0,0,0,0,2,0.19,0.264,0.301,0.564,49,14.3630769231,0.5,0.111,0.20245398773,2.89405281286
Byron,Buxton,90,14,4,0,0,4,28,3,0,0,5,0,0,1,0,0.156,0.183,0.2,0.383,18,3.96063829787,0.342105263158,0.044,0.133333333333,1.38879524731
Asdrubal,Cabrera,546,143,36,1,23,75,119,41,3,1,0,0,0,0,2,0.262,0.316,0.458,0.774,250,82.8296283784,0.72952853598,0.196,0.271062271062,5.52197522523
Melky,Cabrera,250,70,17,0,6,39,38,20,3,0,1,0,0,0,5,0.28,0.335,0.42,0.755,105,38.1701438849,0.716666666667,0.14,0.224,5.57077775617
Miguel,Cabrera,133,40,11,0,3,22,26,22,0,4,0,0,0,0,1,0.301,0.397,0.451,0.849,60,25.9128205128,0.881720430108,0.15,0.315789473684,7.44304418985
Lorenzo,Cain,539,166,25,2,10,38,94,71,8,1,30,5,0,0,2,0.308,0.395,0.417,0.813,225,101.388387097,0.87037037037,0.109,0.287569573284,7.20391171477
Kole,Calhoun,491,102,18,2,19,57,133,53,1,2,6,0,0,0,6,0.208,0.283,0.369,0.652,181,56.839491833,0.619537275064,0.161,0.281059063136,3.88523108732
Willie,Calhoun,99,22,5,0,2,11,24,6,1,0,0,0,0,0,2,0.222,0.269,0.333,0.602,33,9.62907407407,0.519480519481,0.111,0.171717171717,3.29094936709
Johan,Camargo,464,126,27,1,19,76,108,51,6,4,1,1,0,0,3,0.272,0.349,0.457,0.806,212,79.1422137405,0.793510324484,0.185,0.29525862069,6.24806950583
Jeimer,Candelario,539,121,28,3,19,54,160,66,9,1,3,1,0,0,5,0.224,0.317,0.393,0.71,212,74.1567043619,0.689737470167,0.169,0.294990723562,4.72224296644
Mark,Canha,365,91,22,0,17,52,88,34,10,3,1,2,0,0,2,0.249,0.328,0.449,0.778,164,57.0249635036,0.75,0.2,0.290410958904,5.53839573597
Robinson,Cano,310,94,22,0,10,50,47,32,4,2,0,0,0,0,2,0.303,0.374,0.471,0.845,146,58.2310344828,0.842592592593,0.168,0.270967741935,7.21210060108
Victor,Caratini,181,42,7,0,2,21,42,12,4,0,0,0,0,2,1,0.232,0.293,0.304,0.597,55,17.6088,0.510791366906,0.072,0.138121546961,3.34815211268
Matt,Carpenter,564,145,42,0,36,81,158,102,6,17,4,1,0,0,4,0.257,0.374,0.523,0.897,295,120.341183432,0.966666666667,0.266,0.452127659574,7.66323573741
Curt,Casali,140,41,10,0,4,16,32,12,2,1,0,2,0,1,1,0.293,0.355,0.45,0.805,63,22.9055128205,0.742574257426,0.157,0.228571428571,6.00435772965
Nick,Castellanos,620,185,46,5,23,89,151,49,6,5,2,0,0,0,3,0.298,0.354,0.5,0.854,310,115.256637168,0.84367816092,0.202,0.283870967742,7.1048611953
Luis,Castillo,59,6,1,0,0,2,23,2,0,0,0,0,0,4,0,0.102,0.131,0.119,0.25,7,1.18153846154,0.169811320755,0.017,0.0508474576271,0.55967611336
Welington,Castillo,170,44,7,0,6,15,46,9,2,0,1,0,0,0,0,0.259,0.304,0.406,0.71,69,21.9939226519,0.642857142857,0.147,0.205882352941,4.71298342541
Daniel,Castro,46,8,1,0,1,6,7,1,0,1,0,0,0,0,0,0.174,0.191,0.261,0.452,12,2.29787234043,0.342105263158,0.087,0.108695652174,1.6326987682
Harold,Castro,10,3,0,0,0,0,2,0,0,0,1,0,0,0,0,0.3,0.3,0.3,0.6,3,1.056,0.571428571429,0.0,0.1,4.07314285714
Jason,Castro,63,9,3,0,1,3,26,9,1,0,0,0,0,0,1,0.143,0.257,0.238,0.495,15,4.65243243243,0.462962962963,0.095,0.238095238095,2.28392137592
Starlin,Castro,593,165,32,2,12,54,124,48,0,3,6,3,0,0,6,0.278,0.329,0.4,0.729,237,82.7471406491,0.668213457077,0.122,0.20741989882,5.11252356414
Jake,Cave,283,75,16,2,13,45,102,18,3,2,2,1,0,2,3,0.265,0.313,0.473,0.786,134,43.8352750809,0.746411483254,0.208,0.275618374558,5.53061881862
Juan,Centeno,37,6,1,0,1,3,7,1,0,0,0,0,0,0,0,0.162,0.184,0.27,0.454,10,1.89,0.354838709677,0.108,0.135135135135,1.64612903226
Francisco,Cervelli,332,86,15,3,12,57,84,51,15,1,2,2,0,2,4,0.259,0.378,0.431,0.809,143,60.9133663366,0.842741935484,0.172,0.325301204819,6.4750428783
Yoenis,Cespedes,141,37,6,0,9,29,50,13,1,2,3,0,0,0,2,0.262,0.325,0.496,0.821,70,24.5969426752,0.836538461538,0.234,0.347517730496,6.2652589833
Jhoulys,Chacin,56,9,1,0,0,1,17,3,0,0,0,0,0,9,0,0.161,0.203,0.179,0.382,10,2.72823529412,0.276595744681,0.018,0.0714285714286,1.31539915966
Matt,Chapman,547,152,42,6,24,68,146,58,9,0,1,1,0,0,2,0.278,0.356,0.508,0.864,278,105.100064935,0.871212121212,0.23,0.336380255941,7.12990390263
Tyler,Chatwood,25,4,0,0,0,2,6,1,0,0,0,0,0,6,0,0.16,0.192,0.16,0.352,4,1.153125,0.238095238095,0.0,0.04,1.153125
Wei-Yin,Chen,40,6,1,0,0,2,18,0,0,0,0,0,0,2,0,0.15,0.15,0.175,0.325,7,1.14857142857,0.205882352941,0.025,0.025,0.861428571429
Robinson,Chirinos,360,80,15,1,18,65,140,45,19,0,2,0,0,0,2,0.222,0.338,0.419,0.757,151,57.3701408451,0.775,0.197,0.327777777778,5.49288582559
Lonnie,Chisenhall,84,27,6,1,1,9,12,8,2,1,1,0,0,1,0,0.321,0.394,0.452,0.846,38,16.1164210526,0.859649122807,0.131,0.238095238095,7.50247186933
Ji-Man,Choi,190,50,14,1,10,32,55,26,3,1,2,0,0,0,2,0.263,0.357,0.505,0.863,96,37.6626244344,0.907142857143,0.242,0.389473684211,7.16120323752
Shin-Soo,Choo,560,148,30,1,21,62,156,92,10,2,6,1,0,1,2,0.264,0.377,0.434,0.81,243,102.475669173,0.847457627119,0.17,0.342857142857,6.65106506651
Nick,Ciuffo,37,7,1,0,1,5,12,3,1,0,0,0,0,2,1,0.189,0.262,0.297,0.559,11,3.4,0.5,0.108,0.189189189189,2.78181818182
Michael,Conforto,543,132,25,1,28,82,159,84,7,8,3,3,0,0,4,0.243,0.35,0.448,0.797,243,92.4896551724,0.806763285024,0.205,0.359116022099,5.97421217621
Willson,Contreras,474,118,27,5,10,54,121,53,13,2,4,1,0,2,2,0.249,0.339,0.39,0.73,185,69.2305147059,0.711484593838,0.141,0.259493670886,5.17790553202
Garrett,Cooper,33,7,1,0,0,2,12,4,1,0,0,0,0,0,0,0.212,0.316,0.242,0.558,8,2.93684210526,0.5,0.03,0.151515151515,3.04979757085
Patrick,Corbin,61,12,1,0,0,5,25,2,0,0,0,0,0,4,0,0.197,0.222,0.213,0.435,13,3.25970149254,0.30612244898,0.016,0.0491803278689,1.66060264714
Ryan,Cordell,37,4,1,0,1,4,15,0,1,0,0,0,0,0,2,0.108,0.125,0.216,0.341,8,1.1625,0.272727272727,0.108,0.108108108108,0.896785714286
Franchy,Cordero,139,33,5,1,7,19,55,14,0,0,5,2,0,1,0,0.237,0.307,0.439,0.746,61,19.8,0.722222222222,0.202,0.323741007194,4.90458715596
Carlos,Correa,402,96,20,1,15,65,111,53,2,3,3,0,0,0,11,0.239,0.323,0.405,0.728,163,59.302991453,0.722222222222,0.166,0.305970149254,5.05104343606
Kaleb,Cowart,112,15,7,1,1,10,44,10,1,0,1,0,0,0,1,0.134,0.21,0.241,0.451,27,6.47903225806,0.40206185567,0.107,0.205357142857,1.78503949967
Zack,Cozart,224,49,13,2,5,18,42,19,7,0,0,0,0,0,3,0.219,0.296,0.362,0.658,81,26.4782608696,0.611428571429,0.143,0.227678571429,4.0163654128
Dylan,Cozens,38,6,2,0,1,2,24,6,0,0,1,0,0,0,0,0.158,0.273,0.289,0.562,11,3.56727272727,0.5625,0.131,0.315789473684,3.00988636364
Brandon,Crawford,531,135,28,2,14,54,122,50,8,13,4,3,0,0,5,0.254,0.325,0.394,0.719,209,72.0912457912,0.671679197995,0.14,0.235404896422,4.81797929793
J.P.,Crawford,117,25,6,3,3,12,37,13,5,0,2,0,0,2,0,0.214,0.319,0.393,0.712,46,16.5597080292,0.717391304348,0.179,0.307692307692,4.75651188073
C.J.,Cron,501,127,28,1,30,74,145,37,17,2,1,2,0,0,5,0.253,0.323,0.493,0.816,247,84.2706428571,0.797872340426,0.24,0.311377245509,5.97193532058
Nelson,Cruz,519,133,18,1,37,97,122,55,14,5,1,0,0,0,3,0.256,0.342,0.509,0.85,264,96.6318781726,0.865284974093,0.253,0.360308285164,6.70709694257
Tony,Cruz,26,4,1,0,1,2,11,0,0,0,0,0,0,0,0,0.154,0.154,0.308,0.462,8,1.23076923077,0.363636363636,0.154,0.153846153846,1.51048951049
Johnny,Cueto,12,0,0,0,0,0,3,0,0,0,0,0,0,1,0,0.0,0.0,0.0,0.0,0,0.0,0.0,0.0,0.0,0.0
Noel,Cuevas,146,34,4,1,2,10,24,6,1,1,1,0,0,0,0,0.233,0.268,0.315,0.583,46,12.8841830065,0.482142857143,0.082,0.130136986301,3.10600840336
Charlie,Culberson,296,80,18,2,12,45,85,21,4,5,4,2,0,0,1,0.27,0.326,0.466,0.792,138,46.6378881988,0.756880733945,0.196,0.273648648649,5.74987662724
Cheslor,Cuthbert,103,20,2,0,3,7,23,11,2,0,0,0,0,0,1,0.194,0.282,0.301,0.583,31,9.84358974359,0.530120481928,0.107,0.21359223301,3.16401098901
Chase,d'Arnaud,92,20,5,0,3,9,36,4,1,0,2,1,0,1,1,0.217,0.255,0.37,0.625,34,9.06181818182,0.547945205479,0.153,0.20652173913,3.26225454545
Travis,d'Arnaud,15,3,0,0,1,3,5,1,0,0,0,0,0,0,0,0.2,0.25,0.4,0.65,6,1.565,0.583333333333,0.2,0.266666666667,3.52125
David,Dahl,249,68,11,3,16,48,68,19,1,4,5,3,0,0,2,0.273,0.325,0.534,0.859,133,44.1623616236,0.842391304348,0.261,0.345381526104,6.41066539698
Yu,Darvish,12,1,1,0,0,0,7,0,0,0,0,0,0,2,0,0.083,0.083,0.167,0.25,2,0.217142857143,0.181818181818,0.084,0.0833333333333,0.450989010989
Matt,Davidson,434,99,23,0,20,62,165,52,7,0,0,0,0,0,3,0.228,0.319,0.419,0.738,182,63.3592741935,0.719402985075,0.191,0.311059907834,5.06124379653
Zach,Davies,15,1,0,0,0,0,8,0,0,0,0,0,0,4,0,0.067,0.067,0.067,0.133,1,0.162105263158,0.0714285714286,0.0,0.0,0.243157894737
Chris,Davis,470,79,12,0,16,49,192,41,7,2,2,0,0,0,4,0.168,0.243,0.296,0.539,139,37.4868965517,0.483375959079,0.128,0.21914893617,2.5623954605
J.D.,Davis,103,18,2,0,1,5,29,10,0,0,0,0,0,0,0,0.175,0.248,0.223,0.471,23,6.34336283186,0.388235294118,0.048,0.145631067961,2.01495054659
Jonathan,Davis,25,5,1,0,0,0,6,1,1,0,3,0,0,0,0,0.2,0.259,0.24,0.499,6,2.09481481481,0.55,0.04,0.2,2.828
Khris,Davis,576,142,28,1,48,123,175,59,12,5,0,0,0,0,7,0.247,0.326,0.549,0.874,316,109.691743119,0.891705069124,0.302,0.404513888889,6.7158210073
Rajai,Davis,196,44,6,1,1,6,48,11,4,0,21,7,0,4,1,0.224,0.278,0.281,0.559,55,17.4344444444,0.528301886792,0.057,0.183673469388,2.87030487805
Austin,Dean,113,25,4,0,4,14,22,7,2,0,1,0,0,0,0,0.221,0.279,0.363,0.642,41,12.2232786885,0.579545454545,0.142,0.212389380531,3.75032414307
Jacob,deGrom,67,11,1,0,0,5,25,4,0,0,0,0,0,3,0,0.164,0.211,0.179,0.39,12,2.95945945946,0.285714285714,0.015,0.0746268656716,1.35432890518
Paul,DeJong,436,105,25,1,19,68,123,36,12,2,1,1,0,0,5,0.241,0.313,0.433,0.746,189,63.4359100204,0.713855421687,0.192,0.275229357798,5.0824022865
Nicky,Delmonico,284,61,11,5,8,25,80,27,6,1,1,2,0,0,1,0.215,0.296,0.373,0.669,106,33.374591195,0.613333333333,0.158,0.25,3.98722992152
Matt,den,18,0,0,0,0,1,9,2,0,0,0,0,0,0,1,0.0,0.095,0.0,0.095,0,0.0990476190476,0.111111111111,0.0,0.111111111111,0.140751879699
Daniel,Descalso,349,83,22,4,13,57,110,64,2,2,0,1,0,0,7,0.238,0.353,0.436,0.789,152,60.4204739336,0.812734082397,0.198,0.378223495702,5.95384232193
Anthony,DeSclafani,42,6,0,0,1,4,25,0,0,0,0,0,0,4,0,0.143,0.143,0.214,0.357,9,1.4452173913,0.25,0.071,0.0714285714286,0.97552173913
Delino,DeShields,334,72,14,1,2,22,83,43,3,0,20,4,0,12,1,0.216,0.31,0.281,0.591,94,35.7141984733,0.586466165414,0.065,0.24251497006,3.45621275548
Ian,Desmond,555,131,21,8,22,88,146,53,6,0,20,6,0,1,4,0.236,0.307,0.422,0.729,234,77.9815185784,0.713953488372,0.186,0.306306306306,4.84023218762
Rafael,Devers,450,108,24,0,21,66,121,38,0,6,5,1,0,0,2,0.24,0.298,0.433,0.731,195,61.2432653061,0.690962099125,0.193,0.286666666667,4.79295119787
Aledmys,Diaz,422,111,26,0,18,55,62,23,3,2,3,3,0,0,4,0.263,0.303,0.453,0.756,191,59.552920354,0.691082802548,0.19,0.244075829384,5.05638003006
Elias,Diaz,252,72,12,0,10,34,40,21,1,1,0,1,0,0,3,0.286,0.339,0.452,0.792,114,40.6312635379,0.745856353591,0.166,0.246031746032,5.96219628002
Yandy,Diaz,109,34,5,2,1,15,19,11,0,1,0,0,0,0,0,0.312,0.375,0.422,0.797,46,18.225,0.76,0.11,0.211009174312,6.561
Corey,Dickerson,504,151,35,7,13,55,80,21,4,4,8,2,0,0,4,0.3,0.33,0.474,0.804,239,81.8420262664,0.760563380282,0.174,0.228174603175,6.15524988633
Derek,Dietrich,499,132,26,2,16,45,140,29,21,2,2,0,0,0,2,0.265,0.33,0.421,0.751,210,74.1740834846,0.713896457766,0.156,0.218436873747,5.42737196229
Wilmer,Difo,408,94,14,7,7,42,82,39,2,5,10,3,0,3,4,0.23,0.298,0.35,0.649,143,46.6631578947,0.602523659306,0.12,0.232843137255,3.88859649123
Brandon,Dixon,118,21,6,0,5,10,43,6,0,0,0,0,0,0,0,0.178,0.218,0.356,0.574,42,9.48483870968,0.494845360825,0.178,0.228813559322,2.64010974393
Josh,Donaldson,187,46,14,0,8,23,54,31,0,2,2,0,0,0,1,0.246,0.352,0.449,0.801,84,32.7337899543,0.829787234043,0.203,0.379679144385,6.22403048428
Brian,Dozier,553,119,30,2,21,72,129,70,4,1,12,2,0,0,5,0.215,0.305,0.391,0.696,216,73.6861075949,0.688073394495,0.176,0.320072332731,4.51139434255
Hunter,Dozier,362,83,19,4,11,34,109,24,1,0,2,3,0,0,1,0.229,0.278,0.395,0.673,143,40.8796391753,0.59219858156,0.166,0.229281767956,3.90017758916
Brandon,Drury,77,13,4,0,1,10,20,7,2,0,0,0,0,0,0,0.169,0.256,0.26,0.516,20,5.71488372093,0.453125,0.091,0.181818181818,2.41096656977
Lucas,Duda,328,79,14,1,14,50,102,28,8,2,1,0,0,0,3,0.241,0.313,0.418,0.731,137,46.3509536785,0.698795180723,0.177,0.265243902439,4.96617360841
Matt,Duffy,503,148,22,1,4,44,93,47,7,1,12,5,0,1,2,0.294,0.361,0.366,0.727,184,72.3201071429,0.680555555556,0.072,0.178926441352,5.37918152302
Steven,Duggar,141,36,11,1,2,17,44,10,0,1,5,1,0,0,1,0.255,0.303,0.39,0.693,55,17.8993421053,0.650943396226,0.135,0.234042553191,4.51665641909
Adam,Duvall,384,75,20,0,15,61,117,37,5,3,2,2,0,0,1,0.195,0.274,0.365,0.639,140,40.855971897,0.585209003215,0.17,0.265625,3.53561295262
Jarrod,Dyson,206,39,4,2,2,12,34,27,0,2,16,3,0,3,1,0.189,0.282,0.257,0.539,53,18.5810126582,0.547058823529,0.068,0.26213592233,2.8832605849
Adam,Eaton,319,96,18,1,5,33,64,38,11,0,9,1,0,2,0,0.301,0.394,0.411,0.805,131,58.1682162162,0.839285714286,0.11,0.253918495298,6.94930016742
Zach,Eflin,44,4,0,0,1,1,31,0,0,0,0,0,0,6,0,0.091,0.091,0.159,0.25,7,0.8096,0.175,0.068,0.0681818181818,0.4752
A.J.,Ellis,151,41,8,0,1,15,37,26,1,1,0,0,0,3,2,0.272,0.378,0.344,0.722,52,22.8004371585,0.718181818182,0.072,0.245033112583,5.35314611547
Edwin,Encarnacion,500,123,16,1,32,107,132,63,8,2,3,0,0,0,7,0.246,0.336,0.474,0.81,237,87.3134256055,0.824933687003,0.228,0.36,6.13922523789
Adam,Engel,429,101,17,4,6,29,129,18,8,0,16,5,0,7,1,0.235,0.279,0.336,0.614,144,43.0135637149,0.543543543544,0.101,0.167832167832,3.40576604194
Robbie,Erlin,23,5,0,0,0,0,11,1,0,0,0,0,0,3,0,0.217,0.25,0.217,0.467,5,1.51555555556,0.333333333333,0.0,0.0434782608696,1.94857142857
Phil,Ervin,218,55,10,1,7,31,60,20,5,1,6,1,0,0,4,0.252,0.324,0.404,0.728,88,31.8046963563,0.719512195122,0.152,0.266055045872,5.11146905726
Alcides,Escobar,485,112,22,3,4,34,74,29,5,1,8,2,0,8,4,0.231,0.279,0.313,0.593,152,46.3674576271,0.512,0.082,0.154639175258,3.23493890422
Eduardo,Escobar,566,154,48,3,23,84,126,52,5,8,2,3,0,0,8,0.272,0.334,0.489,0.824,277,97.2226941363,0.802409638554,0.217,0.3074204947,6.20570388104
Phillip,Evans,21,3,0,0,0,1,8,2,0,0,1,0,0,0,0,0.143,0.217,0.143,0.36,3,0.878260869565,0.333333333333,0.0,0.142857142857,1.31739130435
Kyle,Farmer,68,16,4,1,0,9,15,5,3,1,0,0,0,0,1,0.235,0.312,0.324,0.635,22,7.58649350649,0.576923076923,0.089,0.161764705882,3.8648174467
Erick,Fedde,16,1,0,0,0,0,5,1,0,0,0,0,0,0,0,0.063,0.118,0.063,0.18,1,0.148235294118,0.133333333333,0.0,0.0625,0.266823529412
Tim,Federowicz,40,9,4,0,1,4,16,2,0,0,0,0,0,0,0,0.225,0.262,0.4,0.662,16,4.32666666667,0.58064516129,0.175,0.225,3.76838709677
Jose,Fernandez,116,31,8,0,2,11,15,6,1,0,1,0,0,0,0,0.267,0.309,0.388,0.697,45,14.6253658537,0.623529411765,0.121,0.181034482759,4.64570444763
Johnny,Field,221,49,13,0,9,21,72,7,3,0,4,0,0,1,1,0.222,0.254,0.403,0.657,89,23.9848927039,0.598837209302,0.181,0.230769230769,3.72179369543
Derek,Fisher,79,13,2,2,4,11,42,5,0,0,2,0,0,0,2,0.165,0.209,0.392,0.602,31,7.19581395349,0.575757575758,0.227,0.316455696203,2.85716142271
Jack,Flaherty,46,7,0,0,0,0,20,2,0,0,0,0,0,4,0,0.152,0.188,0.152,0.34,7,1.66153846154,0.230769230769,0.0,0.0434782608696,1.04329159213
Ryan,Flaherty,161,35,6,0,2,13,41,18,1,4,4,1,0,1,1,0.217,0.298,0.292,0.59,47,15.7310989011,0.543307086614,0.075,0.204968944099,3.29255558395
David,Fletcher,284,78,18,2,1,25,34,15,3,0,3,0,0,3,2,0.275,0.316,0.363,0.678,103,34.9727687296,0.601941747573,0.088,0.151408450704,4.47518841564
Wilmer,Flores,386,103,25,0,11,51,42,29,5,1,0,0,0,0,9,0.267,0.319,0.417,0.736,161,55.6494638695,0.689045936396,0.15,0.225388601036,5.14566960437
Pedro,Florimon,72,16,6,1,2,5,31,5,0,0,1,2,0,0,0,0.222,0.273,0.417,0.689,30,7.85168831169,0.586206896552,0.195,0.25,3.65509628303
Tyler,Flowers,251,57,9,0,8,30,76,35,9,0,0,0,0,0,1,0.227,0.341,0.359,0.7,90,34.7904054054,0.690721649485,0.132,0.270916334661,4.81713305613
Mike,Foltynewicz,58,3,1,0,0,4,41,0,0,0,0,0,0,8,0,0.052,0.052,0.069,0.121,4,0.370909090909,0.0727272727273,0.017,0.0172413793103,0.158961038961
Nolan,Fontana,11,1,0,0,1,1,6,1,0,0,0,0,0,0,0,0.091,0.167,0.364,0.53,4,0.71,0.5,0.273,0.363636363636,1.917
Logan,Forsythe,371,86,16,0,2,27,83,41,3,1,3,0,0,0,1,0.232,0.313,0.291,0.604,108,37.89375,0.543859649123,0.059,0.177897574124,3.57738199301
Dexter,Fowler,289,52,10,0,8,31,75,38,3,0,5,2,0,0,4,0.18,0.278,0.298,0.576,86,27.6105988024,0.543933054393,0.118,0.259515570934,3.06784431138
Dustin,Fowler,192,43,3,2,6,23,47,8,1,0,6,4,0,0,2,0.224,0.256,0.354,0.61,68,17.6157635468,0.516339869281,0.13,0.182291666667,3.06855235976
Maikel,Franco,433,117,17,1,22,68,62,29,0,7,1,0,0,0,3,0.27,0.314,0.467,0.78,202,65.872688172,0.73417721519,0.197,0.26558891455,5.57543128729
Adam,Frazier,318,88,23,2,10,35,53,29,3,2,1,2,0,1,1,0.277,0.342,0.456,0.798,145,51.7456818182,0.758620689655,0.179,0.267295597484,5.97065559441
Clint,Frazier,34,9,3,0,0,1,13,5,2,0,0,0,0,0,0,0.265,0.39,0.353,0.743,12,5.39317073171,0.76,0.088,0.235294117647,5.82462439024
Todd,Frazier,408,87,18,0,18,59,112,48,8,1,9,4,0,0,8,0.213,0.303,0.39,0.693,159,53.6386864407,0.676923076923,0.177,0.30637254902,4.34908268438
Kyle,Freeland,65,6,2,0,0,2,40,2,0,0,0,0,0,4,0,0.092,0.119,0.123,0.242,8,1.19436619718,0.169491525424,0.031,0.0615384615385,0.511871227364
Freddie,Freeman,618,191,44,4,23,98,132,76,7,12,10,2,0,0,6,0.309,0.388,0.505,0.892,312,130.336859972,0.939393939394,0.196,0.331715210356,8.08987406721
David,Freese,280,83,12,2,11,51,72,24,5,1,0,0,0,0,3,0.296,0.359,0.471,0.83,132,50.5579487179,0.817258883249,0.175,0.260714285714,6.82532307692
David,Freitas,93,20,6,0,1,5,25,8,0,0,0,0,0,1,0,0.215,0.277,0.312,0.589,29,8.67450980392,0.506849315068,0.097,0.182795698925,3.16502384738
Cam,Gallagher,63,13,3,0,1,7,15,3,1,0,0,0,0,1,1,0.206,0.25,0.302,0.552,19,5.19362318841,0.46,0.096,0.142857142857,2.69668896321
Joey,Gallo,500,103,24,1,40,92,207,74,3,4,3,2,0,0,0,0.206,0.312,0.498,0.81,249,83.1509878683,0.81954887218,0.292,0.442,5.62675857755
Isaac,Galloway,64,13,3,0,3,7,21,9,0,0,1,1,0,1,0,0.203,0.301,0.391,0.692,25,8.05378378378,0.653846153846,0.188,0.328125,4.10287098419
Freddy,Galvis,602,149,31,5,13,67,147,45,2,2,8,5,0,1,6,0.248,0.299,0.38,0.68,229,72.3528963415,0.609170305677,0.132,0.212624584718,4.2011359166
Ben,Gamel,257,70,14,4,1,19,61,31,4,1,7,3,0,0,1,0.272,0.358,0.37,0.728,95,37.5972696246,0.705263157895,0.098,0.233463035019,5.31479727677
John,Gant,31,2,0,0,2,3,14,0,0,0,0,0,0,3,0,0.065,0.065,0.258,0.323,8,0.562352941176,0.275862068966,0.193,0.193548387097,0.474485294118
Adolis,Garcia,17,2,1,0,0,1,7,0,0,0,0,0,0,0,0,0.118,0.118,0.176,0.294,3,0.352941176471,0.2,0.058,0.0588235294118,0.635294117647
Aramis,Garcia,63,18,1,0,4,9,31,2,0,0,0,0,0,0,0,0.286,0.308,0.492,0.8,31,9.69846153846,0.733333333333,0.206,0.238095238095,5.81907692308
Avisail,Garcia,356,84,11,2,19,49,102,20,4,2,3,0,0,0,5,0.236,0.281,0.438,0.719,156,46.5325714286,0.672794117647,0.202,0.266853932584,4.53566580712
Greg,Garcia,181,40,6,0,3,15,37,20,4,1,3,1,0,1,2,0.221,0.309,0.304,0.613,55,19.4149038462,0.570422535211,0.083,0.204419889503,3.61518899204
Leury,Garcia,258,70,7,4,4,32,69,9,3,0,12,1,0,4,1,0.271,0.303,0.376,0.679,97,32.0936727273,0.634920634921,0.105,0.182170542636,4.46664517338
Brett,Gardner,530,125,20,7,12,45,107,65,5,0,16,2,0,4,5,0.236,0.322,0.368,0.69,195,71.6857142857,0.685503685504,0.132,0.281132075472,4.65267857143
Mitch,Garver,302,81,19,2,7,45,72,29,2,2,0,0,0,1,1,0.268,0.335,0.414,0.749,125,44.6595820896,0.705882352941,0.146,0.241721854305,5.40721397497
Evan,Gattis,407,92,17,0,25,78,101,33,3,2,1,0,0,0,8,0.226,0.284,0.452,0.736,184,56.0588913525,0.701587301587,0.226,0.309582309582,4.68603735764
Kevin,Gausman,21,1,0,0,0,0,11,4,0,0,0,0,0,0,0,0.048,0.2,0.048,0.248,1,0.408,0.25,0.0,0.190476190476,0.5508
Scooter,Gennett,584,181,30,3,23,92,125,42,4,3,4,2,0,3,5,0.31,0.357,0.49,0.847,286,107.005485893,0.824691358025,0.18,0.255136986301,6.99551602693
Craig,Gentry,156,42,5,2,1,11,31,11,1,0,12,3,0,1,0,0.269,0.321,0.346,0.668,54,19.2773964497,0.641025641026,0.077,0.205128205128,4.41092969612
Mike,Gerber,42,4,1,0,0,2,21,4,0,0,0,0,0,0,1,0.095,0.17,0.119,0.289,5,1.11659574468,0.236842105263,0.024,0.119047619048,0.773027823241
Chris,Gimenez,57,12,1,0,2,7,16,6,1,0,1,0,0,0,2,0.211,0.288,0.333,0.621,19,6.44272727273,0.6,0.122,0.245614035088,3.70114119923
Zack,Godley,53,3,0,0,0,1,30,4,0,0,0,0,0,8,0,0.057,0.123,0.057,0.179,3,0.883076923077,0.14,0.0,0.0754716981132,0.411087533156
Ryan,Goins,115,26,8,1,0,6,29,4,0,0,0,0,0,1,0,0.226,0.252,0.313,0.565,36,9.39,0.449438202247,0.087,0.121739130435,2.817
Paul,Goldschmidt,593,172,35,5,33,83,173,90,6,11,7,3,0,0,0,0.29,0.389,0.533,0.922,316,131.438461538,0.981132075472,0.243,0.401349072513,8.36990203193
Austin,Gomber,19,4,1,0,0,4,3,0,0,0,0,0,0,2,0,0.211,0.211,0.263,0.474,5,1.15047619048,0.333333333333,0.052,0.0526315789474,1.82722689076
Yan,Gomes,403,107,26,0,16,48,119,21,8,2,0,0,0,0,3,0.266,0.313,0.449,0.762,181,59.2709885057,0.709459459459,0.183,0.235732009926,5.35222973129
Carlos,Gomez,360,75,15,2,9,32,103,25,21,0,12,2,0,2,0,0.208,0.298,0.336,0.634,121,40.9033333333,0.616724738676,0.128,0.225,3.82141868512
Miguel,Gomez,15,4,0,0,0,1,5,0,0,0,0,0,0,0,0,0.267,0.267,0.267,0.533,4,1.06666666667,0.363636363636,0.0,0.0,2.61818181818
Adrian,Gonzalez,169,40,5,0,6,26,34,15,1,3,0,0,0,0,2,0.237,0.299,0.373,0.672,63,20.1899465241,0.612403100775,0.136,0.224852071006,4.16128668817
Carlos,Gonzalez,463,128,32,4,16,64,113,37,1,4,5,1,0,0,3,0.276,0.329,0.467,0.796,216,74.9702380952,0.767857142857,0.191,0.278617710583,5.97108091024
Erik,Gonzalez,136,36,10,1,1,16,34,5,2,0,3,0,0,0,0,0.265,0.301,0.375,0.676,51,16.352027972,0.61,0.11,0.169117647059,4.41504755245
Gio,Gonzalez,51,4,1,0,0,1,31,1,0,0,0,0,0,3,0,0.078,0.096,0.098,0.194,5,0.62,0.127659574468,0.02,0.0392156862745,0.3348
Marwin,Gonzalez,489,121,25,3,16,68,126,53,3,3,2,3,0,5,2,0.247,0.324,0.409,0.733,200,68.8623913043,0.687331536388,0.162,0.267893660532,4.91874223602
Niko,Goodrum,445,109,29,3,16,53,133,42,4,1,12,4,0,0,2,0.245,0.314,0.431,0.746,192,64.6206490872,0.723529411765,0.186,0.298876404494,5.1016301911
Brian,Goodwin,159,38,6,0,6,25,57,16,3,0,4,2,0,1,1,0.239,0.318,0.39,0.708,62,21.4072222222,0.674796747967,0.151,0.264150943396,4.62396
Alex,Gordon,506,124,24,0,13,54,124,50,10,4,12,2,0,0,2,0.245,0.324,0.37,0.694,187,66.9170422535,0.669270833333,0.125,0.243083003953,4.68072575348
Dee,Gordon,556,149,17,8,4,36,80,9,9,0,30,12,0,9,5,0.268,0.288,0.349,0.637,194,58.4044217687,0.54892601432,0.081,0.129496402878,3.6418461611
Philip,Gosselin,24,3,0,0,1,2,8,4,0,1,0,0,0,0,0,0.125,0.25,0.25,0.5,6,1.695,0.47619047619,0.125,0.291666666667,2.17928571429
Yasmani,Grandal,440,106,23,2,24,68,124,72,3,1,2,1,0,0,3,0.241,0.349,0.466,0.815,205,78.8247104247,0.838805970149,0.225,0.390909090909,6.29664846588
Curtis,Granderson,343,83,22,2,13,38,106,54,4,1,2,1,0,1,1,0.242,0.351,0.431,0.782,148,57.2853598015,0.793103448276,0.189,0.349854227405,5.88100651954
Jon,Gray,52,4,2,0,0,2,30,3,0,0,0,0,0,6,0,0.077,0.127,0.115,0.243,6,1.13606557377,0.1875,0.038,0.0961538461538,0.568032786885
Didi,Gregorius,504,135,23,5,27,86,69,48,7,3,10,6,0,1,9,0.268,0.335,0.494,0.829,249,88.2553251318,0.821333333333,0.226,0.329365079365,6.18933448976
Grayson,Greiner,96,21,6,0,0,12,32,17,0,0,0,1,0,0,3,0.219,0.328,0.281,0.609,27,10.5194827586,0.565789473684,0.062,0.229166666667,3.59526625928
Zack,Greinke,64,15,4,0,0,5,16,3,0,0,3,0,0,4,0,0.234,0.269,0.297,0.566,19,5.93746478873,0.510204081633,0.063,0.15625,3.02474621313
Randal,Grichuk,424,104,32,1,25,61,122,27,8,0,3,0,0,0,3,0.245,0.301,0.502,0.803,213,67.760995671,0.784375,0.257,0.327830188679,5.66423183628
Robbie,Grossman,396,108,27,1,5,48,83,60,2,0,0,1,0,2,5,0.273,0.367,0.384,0.751,152,62.4246021505,0.737024221453,0.111,0.260101010101,5.69413600697
Javy,Guerra,16,2,0,0,0,1,9,3,0,0,0,0,0,0,0,0.125,0.263,0.125,0.388,2,0.731578947368,0.357142857143,0.0,0.1875,1.41090225564
Junior,Guerra,35,4,3,0,0,0,13,0,0,0,0,0,0,2,0,0.114,0.114,0.2,0.314,7,0.869189189189,0.225806451613,0.086,0.0857142857143,0.711154791155
Gabriel,Guerrero,18,3,0,0,1,1,8,0,0,0,0,0,0,0,0,0.167,0.167,0.333,0.5,6,1.0,0.4,0.166,0.166666666667,1.8
Luis,Guillorme,67,14,2,0,0,5,3,7,0,0,1,0,0,0,0,0.209,0.284,0.239,0.523,16,5.20459459459,0.452830188679,0.03,0.149253731343,2.6513972463
Lourdes,Gurriel,249,70,8,0,11,35,59,9,2,1,1,2,0,1,2,0.281,0.309,0.446,0.755,111,34.7479847909,0.668508287293,0.165,0.196787148594,5.09888907257
Yuli,Gurriel,537,156,33,1,13,85,63,23,6,0,5,1,0,0,7,0.291,0.323,0.428,0.751,230,78.2818848168,0.688481675393,0.137,0.188081936685,5.43344701813
Brandon,Guyer,194,40,11,0,7,27,48,15,11,0,1,1,0,1,0,0.206,0.3,0.371,0.671,72,23.4705882353,0.632258064516,0.165,0.242268041237,4.06221719457
Ronald,Guzman,387,91,18,2,16,58,121,33,7,2,1,0,0,0,1,0.235,0.306,0.416,0.722,161,52.6203738318,0.682432432432,0.181,0.268733850129,4.78367034834
Jedd,Gyorko,351,92,19,1,11,47,77,44,3,0,2,0,0,0,4,0.262,0.346,0.416,0.762,146,55.7867164179,0.752895752896,0.154,0.2849002849,5.72715339652
Eric,Haase,16,2,0,0,0,1,6,0,1,0,0,0,0,0,0,0.125,0.176,0.125,0.301,2,0.398823529412,0.214285714286,0.0,0.0,0.769159663866
Cole,Hamels,25,3,0,0,1,1,12,1,0,0,0,0,0,1,0,0.12,0.154,0.24,0.394,6,1.00444444444,0.318181818182,0.12,0.16,1.17913043478
Billy,Hamilton,504,119,16,9,4,29,132,46,1,0,34,9,0,1,4,0.236,0.299,0.327,0.626,165,55.7688848921,0.60152284264,0.091,0.232142857143,3.77383431601
Garrett,Hampson,40,11,3,1,0,4,12,7,1,0,2,0,0,0,0,0.275,0.396,0.4,0.796,16,7.56833333333,0.896551724138,0.125,0.35,7.04637931034
Mitch,Haniger,596,170,38,4,26,93,148,70,10,4,8,1,0,0,7,0.285,0.366,0.493,0.859,294,117.230512445,0.892271662763,0.208,0.337248322148,7.2931424793
Alen,Hanson,295,74,17,5,8,39,72,9,1,0,7,2,0,3,3,0.251,0.273,0.424,0.696,125,35.4261093248,0.627802690583,0.173,0.220338983051,4.17687751864
Ian,Happ,387,90,19,2,15,44,167,70,3,9,8,4,0,0,2,0.233,0.353,0.408,0.761,158,61.892987013,0.78073089701,0.175,0.366925064599,5.51521666452
Bryce,Harper,550,137,34,0,34,100,169,130,6,16,13,3,0,0,9,0.249,0.393,0.496,0.889,273,122.622733813,1.00721153846,0.247,0.501818181818,7.79015014812
Josh,Harrison,344,86,13,1,8,37,68,18,5,1,3,0,0,2,5,0.25,0.293,0.363,0.656,125,39.6130481283,0.585271317829,0.113,0.174418604651,4.03604641308
Matt,Harvey,53,4,0,0,0,1,19,2,0,0,0,0,0,2,0,0.075,0.109,0.075,0.185,4,0.585263157895,0.122448979592,0.0,0.0377358490566,0.309845201238
Chase,Headley,52,6,1,0,0,4,20,6,2,0,0,0,0,0,0,0.115,0.233,0.135,0.368,7,2.11866666667,0.326086956522,0.02,0.134615384615,1.24356521739
Ryon,Healy,493,116,15,0,24,73,113,27,2,0,0,0,0,0,2,0.235,0.277,0.412,0.688,203,58.5479007634,0.615384615385,0.177,0.231237322515,4.17095862958
Adeiny,Hechavarria,296,73,11,0,6,31,58,16,0,2,2,0,0,2,7,0.247,0.279,0.345,0.624,102,30.8755140187,0.538116591928,0.098,0.158783783784,3.59327102804
Austin,Hedges,303,70,14,2,14,37,90,21,1,3,3,0,0,0,1,0.231,0.282,0.429,0.711,130,38.6682208589,0.665236051502,0.198,0.277227722772,4.46171779141
Jeremy,Hellickson,31,2,1,0,0,1,12,0,0,0,0,0,0,3,0,0.065,0.065,0.097,0.161,3,0.268235294118,0.103448275862,0.032,0.0322580645161,0.226323529412
Kyle,Hendricks,60,4,1,0,0,1,31,2,0,0,0,0,0,4,0,0.067,0.097,0.083,0.18,5,0.690909090909,0.125,0.016,0.05,0.310909090909
Guillermo,Heredia,292,69,14,1,5,19,52,32,4,0,2,4,0,7,2,0.236,0.318,0.342,0.661,100,34.489851632,0.590308370044,0.106,0.208904109589,3.94587285621
Michael,Hermosillo,57,12,4,0,1,1,17,3,2,0,0,1,0,0,0,0.211,0.274,0.333,0.608,19,5.23870967742,0.5,0.122,0.157894736842,3.07489481066
Cesar,Hernandez,605,153,15,3,15,60,155,95,4,4,19,5,0,1,3,0.253,0.356,0.362,0.718,219,89.1921186441,0.72647702407,0.109,0.289256198347,5.22383341299
Elieser,Hernandez,11,0,0,0,0,0,7,0,0,0,0,0,0,0,0,0.0,0.0,0.0,0.0,0,0.0,0.0,0.0,0.0,0.0
Enrique,Hernandez,402,103,17,3,21,52,78,50,1,5,3,0,0,4,5,0.256,0.336,0.47,0.806,189,69.0666666667,0.8127090301,0.214,0.345771144279,6.05454545455
Gorkys,Hernandez,414,97,16,2,15,40,113,27,4,1,8,4,0,2,4,0.234,0.285,0.391,0.676,162,48.6871840355,0.613707165109,0.157,0.231884057971,4.02004271853
Teoscar,Hernandez,476,114,29,7,22,57,163,41,3,0,5,3,0,0,3,0.239,0.302,0.468,0.771,223,70.7131931166,0.73698630137,0.229,0.319327731092,5.1881962341
Dilson,Herrera,87,16,5,0,5,11,39,8,2,0,0,0,0,0,0,0.184,0.268,0.414,0.682,36,10.3463917526,0.647887323944,0.23,0.32183908046,3.93454334253
Odubel,Herrera,550,140,19,3,22,71,122,38,7,3,5,2,0,1,1,0.255,0.31,0.42,0.73,231,75.272160804,0.677184466019,0.165,0.24,4.90905396548
Rosell,Herrera,278,65,14,3,1,20,57,19,2,0,3,2,0,1,2,0.234,0.286,0.317,0.602,88,26.8633112583,0.511627906977,0.083,0.154676258993,3.32710735768
Chris,Herrmann,76,18,4,2,2,7,24,10,0,0,0,0,0,0,1,0.237,0.322,0.421,0.743,32,11.3029885057,0.724137931034,0.184,0.315789473684,5.17255406195
Jason,Heyward,440,119,23,4,8,57,60,42,2,1,1,0,0,2,2,0.27,0.335,0.395,0.731,174,62.7215983607,0.682242990654,0.125,0.222727272727,5.21071740227
Aaron,Hicks,480,119,18,3,27,79,111,90,3,1,11,1,0,2,6,0.248,0.366,0.467,0.833,224,93.6244406196,0.903314917127,0.219,0.427083333333,6.83205377495
John,Hicks,288,75,12,1,9,32,84,22,0,0,0,0,0,1,1,0.26,0.312,0.403,0.715,116,38.1657692308,0.647887323944,0.143,0.21875,4.79291055456
Kyle,Higashioka,72,12,2,0,3,6,16,6,1,0,0,0,0,0,0,0.167,0.241,0.319,0.56,23,5.96936708861,0.5,0.152,0.236111111111,2.68621518987
Rich,Hill,43,4,0,0,0,2,15,0,0,0,0,0,0,2,0,0.093,0.093,0.093,0.186,4,0.448,0.102564102564,0.0,0.0,0.295024390244
Bryan,Holaday,151,31,5,0,1,16,29,10,2,2,0,0,0,1,2,0.205,0.261,0.258,0.519,39,11.18,0.425,0.053,0.119205298013,2.45414634146
Derek,Holland,53,3,1,0,0,0,33,1,0,0,0,0,0,2,0,0.057,0.074,0.075,0.15,4,0.378571428571,0.1,0.018,0.0377358490566,0.196565934066
Matt,Holliday,53,15,2,0,2,3,18,12,0,0,0,0,0,0,0,0.283,0.415,0.434,0.849,23,10.8498461538,0.921052631579,0.151,0.377358490566,7.70910121457
Brock,Holt,321,89,18,2,7,46,73,37,7,2,7,7,0,0,2,0.277,0.362,0.411,0.774,132,50.6746594005,0.73640167364,0.134,0.249221183801,5.67724399923
Rhys,Hoskins,557,137,38,0,34,96,149,87,9,2,5,1,0,0,5,0.246,0.354,0.497,0.851,277,108.116231003,0.895486935867,0.251,0.414721723519,6.85243717625
Eric,Hosmer,613,155,31,2,18,69,142,62,1,10,7,3,0,0,1,0.253,0.322,0.398,0.72,244,83.1862629247,0.674620390456,0.145,0.252854812398,4.86153484625
Joe,Hudson,12,2,1,0,0,1,0,0,0,0,0,0,0,0,0,0.167,0.167,0.25,0.417,3,0.5,0.3,0.083,0.0833333333333,1.35
Nick,Hundley,282,68,13,2,10,31,85,22,1,2,2,1,0,0,0,0.241,0.298,0.408,0.706,115,35.8524590164,0.646511627907,0.167,0.248226950355,4.50240182997
Chris,Iannetta,299,67,13,1,11,36,87,50,7,5,0,0,0,1,3,0.224,0.345,0.385,0.73,115,44.9844444444,0.741379310345,0.161,0.327759197324,5.14652542373
Jose,Iglesias,432,116,31,3,5,48,47,19,8,0,15,4,0,3,2,0.269,0.31,0.389,0.699,168,55.5460775862,0.64375,0.12,0.189814814815,4.61459721485
Ender,Inciarte,597,158,27,6,10,61,86,49,6,1,28,12,0,4,4,0.265,0.325,0.38,0.705,227,79.1087272727,0.660753880266,0.115,0.22445561139,4.65345454545
Austin,Jackson,347,85,17,1,3,32,133,26,1,2,3,1,0,0,1,0.245,0.299,0.326,0.624,113,35.98768,0.539923954373,0.081,0.161383285303,3.68055818182
Travis,Jankowski,347,90,12,3,4,17,73,37,1,0,24,7,0,2,0,0.259,0.332,0.346,0.678,120,44.8356589147,0.662878787879,0.087,0.242074927954,4.55098793495
Danny,Jansen,81,20,6,0,3,8,17,9,4,0,0,0,0,0,1,0.247,0.347,0.432,0.779,35,13.5126315789,0.786885245902,0.185,0.296296296296,5.88453310696
Jon,Jay,527,141,19,7,3,40,95,33,18,0,4,2,0,5,3,0.268,0.33,0.347,0.678,183,65.656996587,0.60824742268,0.079,0.146110056926,4.47661340366
Sherman,Johnson,10,0,0,0,0,0,4,0,1,0,0,0,0,0,0,0.0,0.091,0.0,0.091,0,0.0236363636364,0.1,0.0,0.0,0.0638181818182
Adam,Jones,580,163,35,0,15,63,93,24,5,1,7,1,0,0,4,0.281,0.313,0.419,0.732,243,79.7650897227,0.665071770335,0.138,0.189655172414,5.10345360785
JaCoby,Jones,429,89,22,6,11,34,142,24,11,0,13,5,0,1,2,0.207,0.266,0.364,0.63,156,44.1905353319,0.576811594203,0.157,0.230769230769,3.42857601713
Caleb,Joseph,265,58,14,2,3,17,68,10,3,0,2,1,0,1,1,0.219,0.254,0.321,0.575,85,22.615,0.475961538462,0.102,0.143396226415,2.90764285714
Corban,Joseph,18,4,1,0,0,3,5,1,0,0,0,0,0,0,0,0.222,0.263,0.278,0.541,5,1.38421052632,0.428571428571,0.056,0.111111111111,2.66954887218
Matthew,Joyce,207,43,9,0,7,15,53,35,1,2,0,1,0,1,2,0.208,0.322,0.353,0.675,73,26.443902439,0.654545454545,0.145,0.309178743961,4.24991289199
Aaron,Judge,413,115,22,0,27,67,152,76,4,3,6,2,0,0,5,0.278,0.392,0.528,0.919,218,94.4614859438,1.00666666667,0.25,0.443099273608,8.36216432945
Carson,Kelly,35,4,0,0,0,3,7,3,1,0,0,0,0,3,0,0.114,0.205,0.114,0.319,4,1.25714285714,0.258064516129,0.0,0.0857142857143,0.998319327731
Ty,Kelly,11,1,0,0,0,0,2,1,0,0,0,0,0,0,0,0.091,0.167,0.091,0.258,1,0.21,0.2,0.0,0.0909090909091,0.567
Matt,Kemp,462,134,25,0,21,85,115,36,1,2,0,0,0,0,7,0.29,0.338,0.481,0.818,222,79.3291304348,0.789634146341,0.191,0.268398268398,6.39369110967
Tony,Kemp,255,67,15,0,6,30,44,32,3,1,9,3,0,3,1,0.263,0.351,0.392,0.743,100,38.9265306122,0.738219895288,0.129,0.278431372549,5.38982731554
Howie,Kendrick,152,46,14,0,4,12,29,5,2,1,1,1,0,0,1,0.303,0.331,0.474,0.805,72,24.245,0.738317757009,0.171,0.203947368421,6.06125
Max,Kepler,532,119,30,4,20,58,96,71,5,2,4,5,0,0,3,0.224,0.319,0.408,0.727,217,74.5944353519,0.698564593301,0.184,0.315789473684,4.78396616271
Clayton,Kershaw,46,11,2,0,0,7,11,7,0,0,0,0,0,4,0,0.239,0.34,0.283,0.622,13,5.33684210526,0.571428571429,0.044,0.195652173913,3.69473684211
Spencer,Kieboom,125,29,5,0,2,13,28,16,1,0,0,0,0,0,1,0.232,0.322,0.32,0.642,40,14.4562237762,0.59375,0.088,0.216,4.02389733977
Kevin,Kiermaier,332,72,12,9,7,29,91,25,6,2,10,4,0,2,2,0.217,0.282,0.37,0.653,123,37.1776021798,0.606060606061,0.153,0.246987951807,3.74550469722
Isiah,Kiner-Falefa,356,93,18,2,4,34,62,28,6,1,7,4,0,5,1,0.261,0.325,0.357,0.682,127,44.2116666667,0.614232209738,0.096,0.182584269663,4.37258241758
Scott,Kingery,452,102,23,2,8,35,126,24,3,1,10,3,0,0,5,0.226,0.267,0.338,0.605,153,43.6209917355,0.529745042493,0.112,0.181415929204,3.28985133201
Nick,Kingham,23,2,1,0,0,4,10,1,1,0,0,0,0,0,0,0.087,0.16,0.13,0.29,3,0.5632,0.238095238095,0.043,0.0869565217391,0.724114285714
Ian,Kinsler,487,117,26,0,14,48,64,40,4,0,16,5,0,0,3,0.24,0.301,0.38,0.681,185,60.273258427,0.64,0.14,0.244353182752,4.30523274478
Jason,Kipnis,530,122,28,1,18,75,112,60,7,1,7,1,0,1,3,0.23,0.315,0.389,0.704,206,71.59640599,0.682151589242,0.159,0.283018867925,4.68063671121
Patrick,Kivlehan,13,3,0,2,0,0,6,0,1,0,0,0,0,0,0,0.231,0.286,0.538,0.824,7,2.07428571429,0.8,0.307,0.307692307692,5.60057142857
Andrew,Knapp,187,37,6,2,4,15,75,24,2,1,1,0,0,1,1,0.198,0.294,0.316,0.61,59,19.6501395349,0.573333333333,0.118,0.251336898396,3.49048531212
Matt,Koch,17,1,0,0,0,0,11,3,0,0,0,0,0,3,0,0.059,0.2,0.059,0.259,1,0.580869565217,0.25,0.0,0.176470588235,0.825446224256
Pete,Kozma,69,15,4,1,1,8,15,2,0,0,0,1,0,1,1,0.217,0.236,0.348,0.584,24,5.60219178082,0.454545454545,0.131,0.144927536232,2.65366979092
Kevin,Kramer,37,5,0,0,0,4,20,2,0,0,0,0,0,0,1,0.135,0.175,0.135,0.31,5,1.057,0.21875,0.0,0.0540540540541,0.864818181818
Erik,Kratz,203,48,6,0,6,23,40,6,7,0,1,0,0,1,2,0.236,0.28,0.355,0.634,72,21.5756164384,0.554838709677,0.119,0.152709359606,3.68697242934
Chad,Kuhl,21,3,0,0,0,1,5,0,0,0,0,0,0,6,0,0.143,0.143,0.143,0.286,3,0.68,0.166666666667,0.0,0.0,0.765
Tommy,La,169,45,8,0,1,19,27,17,2,1,0,1,0,0,0,0.266,0.34,0.331,0.672,56,20.3342553191,0.592,0.065,0.159763313609,4.39219914894
Juan,Lagares,59,20,1,1,0,6,9,3,1,1,3,0,0,0,1,0.339,0.375,0.39,0.765,23,9.6975,0.769230769231,0.051,0.152542372881,6.5458125
Ryan,LaMarre,165,46,11,0,2,18,53,10,2,0,2,2,0,0,3,0.279,0.322,0.382,0.704,63,21.3795555556,0.619834710744,0.103,0.163636363636,4.65522580645
Jake,Lamb,207,46,8,0,6,31,65,26,1,0,1,2,0,0,4,0.222,0.307,0.348,0.655,72,24.3488235294,0.601226993865,0.126,0.246376811594,3.93663613949
Eric,Lauer,30,2,1,0,0,1,15,1,0,0,0,0,0,5,1,0.067,0.094,0.1,0.194,3,0.517297297297,0.142857142857,0.033,0.0666666666667,0.41079491256
Ramon,Laureano,156,45,12,1,5,19,50,16,2,0,7,0,0,0,2,0.288,0.358,0.474,0.832,74,29.8390909091,0.891891891892,0.186,0.333333333333,7.12969428801
Braxton,Lee,17,3,0,0,0,2,8,1,0,0,0,0,0,0,0,0.176,0.222,0.176,0.399,3,0.724444444444,0.285714285714,0.0,0.0588235294118,1.39714285714
DJ,LeMahieu,533,147,32,2,15,62,82,37,2,0,6,4,0,2,7,0.276,0.321,0.428,0.749,228,77.0414457831,0.689743589744,0.152,0.225140712946,5.21333091766
Sandy,Leon,265,47,12,0,5,22,75,15,4,0,1,0,0,3,1,0.177,0.232,0.279,0.511,74,18.68625,0.43119266055,0.102,0.162264150943,2.27265202703
Jon,Lester,59,7,0,0,1,9,22,0,0,0,0,0,0,6,0,0.119,0.119,0.169,0.288,10,1.41292307692,0.192307692308,0.05,0.0508474576271,0.65774005305
Tzu-Wei,Lin,66,16,6,1,1,6,18,8,0,0,0,1,0,0,0,0.242,0.324,0.409,0.733,27,9.03837837838,0.666666666667,0.167,0.272727272727,4.78502384738
Francisco,Lindor,661,183,42,2,38,92,107,70,8,7,25,10,0,3,3,0.277,0.352,0.519,0.871,343,127.211516779,0.893442622951,0.242,0.370650529501,6.9528561802
Jose,Lobaton,49,7,2,1,0,4,15,7,0,0,0,0,0,0,1,0.143,0.246,0.224,0.47,11,3.27649122807,0.428571428571,0.081,0.224489795918,2.05733170135
Tim,Locastro,11,2,1,0,0,0,5,2,1,0,4,0,0,0,0,0.182,0.357,0.273,0.63,3,2.09285714286,1.11111111111,0.091,0.636363636364,6.27857142857
Evan,Longoria,480,117,25,4,16,54,101,22,5,3,3,1,0,0,5,0.244,0.281,0.413,0.694,198,58.20546875,0.623626373626,0.169,0.21875,4.2589367378
Pablo,Lopez,16,3,0,0,0,0,8,1,0,0,0,0,0,1,0,0.188,0.235,0.188,0.423,3,0.84,0.307692307692,0.0,0.0625,1.62
Rafael,Lopez,102,18,2,0,3,13,43,13,0,3,1,0,0,0,2,0.176,0.265,0.284,0.549,29,8.78598290598,0.511904761905,0.108,0.245098039216,2.75838998211
Michael,Lorenzen,31,9,1,0,4,10,9,2,0,0,0,0,0,1,0,0.29,0.333,0.71,1.043,22,7.45411764706,1.09090909091,0.42,0.483870967742,8.7504859335
Brandon,Lowe,129,30,6,2,6,25,38,16,2,0,2,1,0,0,1,0.233,0.324,0.45,0.774,58,20.4005405405,0.77,0.217,0.348837209302,5.45360984747
Jed,Lowrie,596,159,37,1,23,99,128,78,3,1,0,0,0,0,3,0.267,0.353,0.448,0.801,267,102.127058824,0.796338672769,0.181,0.312080536913,6.26688770053
Joey,Lucchesi,34,2,0,0,0,1,21,4,0,0,0,0,0,0,1,0.059,0.154,0.059,0.213,2,0.547692307692,0.1875,0.0,0.117647058824,0.448111888112
Jonathan,Lucroy,415,100,21,1,4,51,65,29,3,1,0,0,0,1,6,0.241,0.291,0.325,0.617,135,42.6528634361,0.530158730159,0.084,0.15421686747,3.57648233781
Dawel,Lugo,94,20,4,1,1,8,20,7,0,0,0,0,0,0,0,0.213,0.267,0.309,0.576,29,8.23900990099,0.486486486486,0.096,0.170212765957,3.00612523415
Seth,Lugo,11,1,0,0,0,0,8,1,0,0,0,0,0,1,0,0.091,0.167,0.091,0.258,1,0.273846153846,0.2,0.0,0.0909090909091,0.672167832168
Jordan,Luplow,92,17,1,3,3,7,18,10,1,0,2,2,0,0,0,0.185,0.272,0.359,0.631,33,9.3145631068,0.571428571429,0.174,0.282608695652,3.26614550498
Jordan,Lyles,15,0,0,0,0,1,8,3,0,0,0,0,0,2,0,0.0,0.167,0.0,0.167,0,0.273,0.2,0.0,0.2,0.433588235294
Dixon,Machado,214,44,13,1,1,21,41,14,3,1,1,1,0,1,1,0.206,0.263,0.29,0.553,62,17.4386266094,0.461988304094,0.084,0.14953271028,2.72163536679
Manny,Machado,632,188,35,3,37,107,104,70,2,18,14,2,0,0,5,0.297,0.367,0.538,0.905,340,132.42787024,0.95067264574,0.241,0.370253164557,7.92805431591
Kenta,Maeda,32,3,0,0,0,0,9,0,0,0,0,0,0,8,0,0.094,0.094,0.094,0.188,3,0.537,0.103448275862,0.0,0.0,0.391864864865
Tyler,Mahle,29,3,1,0,0,0,10,2,0,0,0,0,0,3,0,0.103,0.161,0.138,0.299,4,0.894117647059,0.230769230769,0.035,0.103448275862,0.832454361055
Mikie,Mahtook,223,45,4,2,9,29,66,21,3,1,4,1,0,0,3,0.202,0.276,0.359,0.635,80,24.37664,0.597765363128,0.157,0.264573991031,3.61631472527
Luke,Maile,202,50,13,1,3,27,67,25,2,0,2,0,0,0,2,0.248,0.333,0.366,0.7,74,27.7,0.677631578947,0.118,0.252475247525,4.85649350649
Martin,Maldonado,373,84,18,1,9,44,98,16,11,0,0,1,0,2,2,0.225,0.276,0.351,0.627,131,38.146039604,0.541379310345,0.126,0.166219839142,3.50320771873
Trey,Mancini,582,141,23,3,24,58,153,44,5,1,0,1,0,0,5,0.242,0.299,0.416,0.715,242,76.3964150943,0.656108597285,0.174,0.247422680412,4.61454856275
Manuel,Margot,477,117,26,8,8,51,88,32,2,4,11,9,0,1,7,0.245,0.292,0.384,0.675,183,54.9066666667,0.593495934959,0.139,0.20964360587,3.93230769231
Jake,Marisnick,213,45,8,1,10,28,84,15,4,1,6,2,0,1,1,0.211,0.275,0.399,0.674,85,24.8635897436,0.635294117647,0.188,0.276995305164,3.90300536673
Mike,Marjama,27,3,3,0,0,0,6,2,0,0,0,1,0,0,0,0.111,0.172,0.222,0.395,6,0.899310344828,0.28,0.111,0.148148148148,0.971255172414
Nick,Markakis,623,185,43,2,14,93,80,72,1,10,1,0,0,0,9,0.297,0.366,0.44,0.806,274,108.169702128,0.794520547945,0.143,0.260032102729,6.53374039697
German,Marquez,60,18,0,0,1,5,11,0,0,0,0,0,0,5,0,0.3,0.3,0.35,0.65,21,6.53538461538,0.5,0.05,0.05,3.75436988543
Deven,Marrero,78,13,1,1,0,7,23,6,0,0,3,0,0,0,1,0.167,0.224,0.205,0.429,16,4.39011764706,0.384615384615,0.038,0.153846153846,1.79595721925
Jefry,Marte,194,42,7,1,7,22,41,13,2,0,1,1,0,0,0,0.216,0.273,0.371,0.644,72,20.4761722488,0.56862745098,0.155,0.221649484536,3.61344216155
Ketel,Marte,520,135,26,12,14,59,79,54,3,3,6,0,0,1,2,0.26,0.332,0.437,0.768,227,81.3417931034,0.753246753247,0.177,0.292307692308,5.66038250978
Starling,Marte,559,155,32,5,20,72,109,35,8,2,33,14,0,1,3,0.277,0.327,0.46,0.787,257,87.1115511551,0.763157894737,0.183,0.279069767442,5.57348787011
Leonys,Martin,318,81,15,3,11,33,77,30,3,1,7,3,0,0,2,0.255,0.323,0.425,0.747,135,46.5382436261,0.716666666667,0.17,0.276729559748,5.19228337977
Russell,Martin,289,56,8,0,10,25,82,56,7,0,0,3,0,0,0,0.194,0.338,0.325,0.663,94,36.3752272727,0.652542372881,0.131,0.314878892734,4.16157261171
Carlos,Martinez,33,8,2,0,1,4,11,0,0,0,0,0,0,2,1,0.242,0.235,0.394,0.629,13,3.23555555556,0.52,0.152,0.151515151515,3.12
J.D.,Martinez,569,188,37,2,43,130,146,69,4,11,6,1,0,0,7,0.33,0.402,0.629,1.031,358,152.586748844,1.14136125654,0.299,0.428822495606,10.5908540329
Jose,Martinez,534,163,30,0,17,83,104,49,2,0,0,3,0,2,3,0.305,0.364,0.457,0.821,244,92.9329830508,0.780748663102,0.152,0.237827715356,6.62055552077
Victor,Martinez,467,117,21,0,9,54,49,32,2,4,0,0,0,0,7,0.251,0.297,0.353,0.651,165,52.4457480315,0.568571428571,0.102,0.17130620985,3.96648514524
Nick,Martini,152,45,9,3,1,19,36,21,5,1,0,0,0,0,1,0.296,0.397,0.414,0.811,63,27.7732960894,0.831775700935,0.118,0.256578947368,6.94332402235
Jeff,Mathis,195,39,9,1,1,20,66,20,0,1,0,0,0,1,2,0.2,0.272,0.272,0.544,53,16.1032110092,0.467948717949,0.072,0.174358974359,2.73450752986
Steven,Matz,46,5,1,0,2,4,13,3,0,0,0,0,0,4,0,0.109,0.163,0.261,0.424,12,2.24301886792,0.365853658537,0.152,0.217391304348,1.34581132075
Joe,Mauer,486,137,27,1,6,48,86,51,2,5,0,0,0,1,3,0.282,0.351,0.379,0.729,184,69.4777163904,0.679083094556,0.097,0.201646090535,5.3141596106
Bruce,Maxwell,55,10,4,0,1,6,13,2,0,0,0,0,0,0,1,0.182,0.207,0.309,0.516,17,3.7324137931,0.422222222222,0.127,0.163636363636,2.19076461769
Cameron,Maybin,342,85,14,2,4,28,75,38,2,1,10,5,0,0,2,0.249,0.326,0.336,0.662,115,41.05625,0.610687022901,0.087,0.213450292398,4.19893465909
Nomar,Mazara,489,126,25,1,20,77,116,40,4,2,1,0,0,0,3,0.258,0.317,0.436,0.753,213,71.6791044776,0.710743801653,0.178,0.261758691207,5.28780278933
Brian,McCann,189,40,3,0,7,23,40,19,6,0,0,1,0,0,2,0.212,0.301,0.339,0.64,64,21.197037037,0.586666666667,0.127,0.222222222222,3.76526315789
James,McCann,426,94,16,0,8,39,116,26,2,0,0,2,0,0,2,0.221,0.268,0.315,0.582,134,37.4526315789,0.479041916168,0.094,0.150234741784,3.00958646617
Brandon,McCarthy,29,3,2,0,0,2,19,0,0,0,0,0,0,2,0,0.103,0.103,0.172,0.276,5,0.584516129032,0.192307692308,0.069,0.0689655172414,0.563640552995
Andrew,McCutchen,569,145,30,3,20,65,145,95,11,1,14,6,0,0,7,0.255,0.368,0.424,0.792,241,100.306304985,0.825581395349,0.169,0.349736379613,6.19741472449
Reese,McGuire,31,9,3,0,2,4,9,2,0,0,1,0,0,0,0,0.29,0.333,0.581,0.914,18,6.34666666667,0.954545454545,0.291,0.387096774194,7.78909090909
Billy,McKinney,119,30,7,0,6,13,33,11,1,0,1,0,0,0,1,0.252,0.318,0.462,0.78,55,18.8236363636,0.76404494382,0.21,0.310924369748,5.64709090909
Ryan,McMahon,181,42,9,1,5,19,64,18,2,2,1,0,0,0,1,0.232,0.307,0.376,0.683,68,22.6269306931,0.640287769784,0.144,0.24861878453,4.36376520509
Jeff,McNeil,225,74,11,6,3,19,24,14,5,1,7,1,0,4,0,0.329,0.381,0.471,0.852,106,43.1806451613,0.861842105263,0.142,0.231111111111,7.47357320099
Austin,Meadows,178,51,9,2,6,17,40,10,1,2,5,1,0,0,2,0.287,0.325,0.461,0.785,82,28.0983246073,0.7578125,0.174,0.252808988764,5.83580587998
Francisco,Mejia,56,10,2,0,3,8,19,5,1,0,0,0,0,0,0,0.179,0.258,0.375,0.633,21,5.82193548387,0.586956521739,0.196,0.285714285714,3.4172230014
Jordy,Mercer,394,99,29,2,6,39,87,32,6,9,2,0,0,1,3,0.251,0.315,0.381,0.696,150,50.4826146789,0.64406779661,0.13,0.215736040609,4.55863075696
Whit,Merrifield,632,192,43,3,12,60,114,61,6,2,45,10,0,2,6,0.304,0.367,0.438,0.806,277,113.215756719,0.842222222222,0.134,0.286392405063,6.67429133494
Devin,Mesoraco,244,54,10,0,11,33,52,25,4,3,0,0,0,0,1,0.221,0.303,0.398,0.7,97,31.5884671533,0.663157894737,0.177,0.27868852459,4.4653854091
Miles,Mikolas,63,9,1,0,2,6,33,2,0,0,0,0,0,5,1,0.143,0.167,0.254,0.421,16,3.04281690141,0.333333333333,0.111,0.142857142857,1.36926760563
Wade,Miley,27,5,0,0,0,0,11,1,0,0,0,0,0,0,0,0.185,0.214,0.185,0.399,5,1.12714285714,0.272727272727,0.0,0.037037037037,1.38331168831
Brad,Miller,231,57,13,2,7,29,83,22,0,1,0,0,0,0,2,0.247,0.31,0.411,0.721,95,31.4450980392,0.672413793103,0.164,0.25974025974,4.82396390374
Bryan,Mitchell,18,2,0,0,0,0,10,0,0,0,0,0,0,1,0,0.111,0.111,0.111,0.222,2,0.265263157895,0.125,0.0,0.0,0.421300309598
Yadier,Molina,459,120,20,0,20,74,66,29,9,0,4,3,0,0,6,0.261,0.314,0.436,0.75,200,66.2771371769,0.698830409357,0.175,0.239651416122,5.14219167752
Yoan,Moncada,578,136,32,6,17,61,217,67,1,1,12,4,0,2,2,0.235,0.315,0.4,0.714,231,78.9969230769,0.688340807175,0.165,0.294117647059,4.73981538462
Adalberto,Mondesi,275,76,13,3,14,37,77,11,1,0,32,7,0,3,1,0.276,0.306,0.498,0.804,137,44.2131958763,0.844660194175,0.222,0.352727272727,5.68455375552
Miguel,Montero,11,0,0,0,0,0,3,2,0,1,0,0,0,0,0,0.0,0.154,0.0,0.154,0,0.04,0.181818181818,0.0,0.181818181818,0.0981818181818
Mike,Montgomery,33,3,0,0,0,1,20,1,0,0,0,0,0,1,0,0.091,0.118,0.091,0.209,3,0.432,0.133333333333,0.0,0.030303030303,0.376258064516
Adam,Moore,18,4,1,0,1,2,7,1,0,0,0,0,0,1,0,0.222,0.263,0.444,0.708,8,2.195,0.642857142857,0.222,0.277777777778,3.951
Kendrys,Morales,413,103,15,0,21,57,95,50,3,5,2,0,0,0,5,0.249,0.331,0.438,0.769,181,65.2881528662,0.761290322581,0.189,0.314769975787,5.59612738854
Colin,Moran,415,115,19,1,11,58,82,39,4,4,0,2,0,0,7,0.277,0.34,0.407,0.747,169,61.3197419355,0.695364238411,0.13,0.219277108434,5.3580357031
Mitch,Moreland,404,99,23,4,15,68,102,50,0,2,2,0,0,0,5,0.245,0.325,0.433,0.758,175,62.0411328976,0.744262295082,0.188,0.316831683168,5.40358254269
Max,Moroff,59,11,1,0,3,9,24,7,1,1,0,0,0,0,0,0.186,0.284,0.356,0.64,21,6.47134328358,0.604166666667,0.17,0.28813559322,3.64013059701
Logan,Morrison,318,59,13,0,15,39,80,34,6,0,1,0,0,0,1,0.186,0.276,0.368,0.644,117,35.4193871866,0.610038610039,0.182,0.292452830189,3.67816713092
Taylor,Motter,34,5,0,0,1,2,8,4,0,0,1,0,0,0,0,0.147,0.237,0.235,0.472,8,2.26421052632,0.448275862069,0.088,0.235294117647,2.10805807623
Mike,Moustakas,573,144,33,1,28,95,103,49,7,5,4,0,0,0,6,0.251,0.315,0.459,0.774,263,88.6488188976,0.752913752914,0.208,0.30017452007,5.5023404833
Cedric,Mullins,170,40,9,0,4,11,37,17,2,0,2,3,0,2,0,0.235,0.312,0.359,0.671,61,19.9430366492,0.593984962406,0.124,0.217647058824,3.98860732984
Max,Muncy,395,104,17,2,35,79,131,79,5,6,3,0,0,0,2,0.263,0.391,0.582,0.973,230,98.8387525988,1.08934707904,0.319,0.526582278481,9.10800791866
Yairo,Munoz,293,81,16,0,8,42,71,30,4,7,5,3,0,0,2,0.276,0.35,0.413,0.763,121,44.8204255319,0.73023255814,0.137,0.245733788396,5.57673497402
Daniel,Murphy,328,98,15,0,12,42,40,20,0,2,3,0,0,0,3,0.299,0.336,0.454,0.79,149,52.7133903134,0.747826086957,0.155,0.225609756098,6.10841862001
John,Ryan,208,42,9,0,9,24,71,11,1,1,0,0,0,2,1,0.202,0.244,0.375,0.619,78,19.958206278,0.542168674699,0.173,0.225961538462,3.18858916868
Tom,Murphy,93,21,7,1,2,11,44,3,0,1,0,0,0,0,0,0.226,0.25,0.387,0.637,36,9.13,0.541666666667,0.161,0.193548387097,3.42375
Joe,Musgrove,31,5,1,0,0,0,12,0,0,0,0,0,0,4,0,0.161,0.161,0.194,0.355,6,1.15428571429,0.230769230769,0.033,0.0322580645161,1.03885714286
Wil,Myers,312,79,25,1,11,39,94,30,0,1,13,1,0,0,1,0.253,0.318,0.446,0.763,139,48.4331195335,0.773504273504,0.193,0.326923076923,5.56465628683
Tyler,Naquin,174,46,7,0,3,23,42,6,2,1,1,1,0,0,1,0.264,0.295,0.356,0.651,62,18.7845901639,0.542635658915,0.092,0.126436781609,3.9014148802
Omar,Narvaez,280,77,14,1,9,30,65,38,2,1,0,2,0,2,0,0.275,0.366,0.429,0.794,120,46.85,0.770731707317,0.154,0.282142857143,6.11086956522
Kristopher,Negron,32,7,0,0,1,4,9,1,0,0,2,0,0,0,0,0.219,0.242,0.313,0.555,10,2.73939393939,0.52,0.094,0.1875,2.95854545455
Sean,Newcomb,45,2,1,0,0,1,32,1,0,0,0,0,0,7,0,0.044,0.065,0.067,0.132,3,0.390566037736,0.093023255814,0.023,0.0444444444444,0.210905660377
Kevin,Newman,91,19,2,0,0,6,23,4,1,1,0,1,0,0,1,0.209,0.247,0.231,0.478,21,5.34927835052,0.342465753425,0.022,0.0549450549451,1.95176372249
Gift,Ngoepe,18,1,0,0,0,0,12,1,0,0,0,0,0,0,0,0.056,0.105,0.056,0.161,1,0.132631578947,0.117647058824,0.0,0.0555555555556,0.210650154799
Tomas,Nido,84,14,3,0,1,9,27,4,0,0,0,0,0,0,2,0.167,0.2,0.238,0.438,20,4.416,0.342857142857,0.071,0.119047619048,1.656
Brandon,Nimmo,433,114,28,8,17,47,140,80,22,2,9,6,0,0,0,0.263,0.404,0.483,0.886,209,94.08,0.966153846154,0.22,0.411085450346,7.81587692308
Jacob,Nix,15,0,0,0,0,0,11,0,0,0,0,0,0,1,0,0.0,0.0,0.0,0.0,0,0.0,0.0,0.0,0.0,0.0
Aaron,Nola,62,3,1,0,0,4,36,1,0,0,0,0,0,7,0,0.048,0.063,0.065,0.128,4,0.451428571429,0.0847457627119,0.017,0.0322580645161,0.184675324675
Jacob,Nottingham,20,4,1,0,0,0,8,4,0,0,0,0,0,0,0,0.2,0.333,0.25,0.583,5,2.01333333333,0.5625,0.05,0.25,3.3975
Ivan,Nova,53,1,0,0,0,0,30,0,0,0,0,0,0,3,0,0.019,0.019,0.019,0.038,1,0.0457142857143,0.0192307692308,0.0,0.0,0.0224415584416
Eduardo,Nunez,480,127,23,3,10,44,69,16,2,0,7,2,0,1,3,0.265,0.289,0.388,0.677,186,55.9466135458,0.588732394366,0.123,0.166666666667,4.20768402712
Renato,Nunez,236,61,14,0,8,22,62,19,4,0,0,0,0,0,2,0.258,0.322,0.419,0.741,99,34.1213793103,0.697142857143,0.161,0.241525423729,5.20495616598
Peter,O'Brien,66,18,5,0,4,10,22,7,0,0,0,0,0,0,1,0.273,0.338,0.53,0.868,35,12.6148648649,0.875,0.257,0.363636363636,6.95104798676
Ryan,O'Hearn,149,39,10,2,12,30,45,20,1,0,0,0,0,0,0,0.262,0.353,0.597,0.95,89,33.3388235294,1.0,0.335,0.469798657718,8.1831657754
Tyler,O'Neill,130,33,5,0,9,23,57,7,3,0,2,0,0,0,2,0.254,0.303,0.5,0.803,65,21.1002816901,0.79381443299,0.246,0.315384615385,5.75462227913
Rougned,Odor,474,120,23,2,18,63,127,43,11,2,12,11,0,2,5,0.253,0.326,0.424,0.751,201,68.3685981308,0.701369863014,0.171,0.263713080169,4.96223696111
Shohei,Ohtani,326,93,21,2,22,61,102,37,2,2,10,3,0,0,1,0.285,0.361,0.564,0.925,184,70.2591803279,0.974576271186,0.279,0.414110429448,8.0042104171
Matt,Olson,580,143,33,0,29,84,163,70,8,3,2,1,0,0,2,0.247,0.335,0.453,0.788,263,94.86,0.780821917808,0.206,0.329310344828,5.82095454545
Nate,Orf,21,2,0,0,1,1,8,3,1,0,1,0,0,0,0,0.095,0.24,0.238,0.478,5,1.5744,0.526315789474,0.143,0.333333333333,2.23730526316
Paulo,Orlando,90,15,3,0,0,5,25,3,0,0,0,0,0,0,0,0.167,0.194,0.2,0.394,18,3.63483870968,0.28,0.033,0.0666666666667,1.30854193548
Rafael,Ortega,133,31,3,1,0,7,23,10,0,0,5,1,0,0,0,0.233,0.287,0.271,0.557,36,11.5244755245,0.485436893204,0.038,0.142857142857,3.02097902098
Jose,Osuna,106,24,9,0,3,11,22,3,1,0,0,0,0,0,1,0.226,0.252,0.396,0.648,42,10.9881081081,0.560975609756,0.17,0.198113207547,3.57444480625
Corey,Oswalt,18,0,0,0,0,0,10,0,0,0,0,0,0,1,0,0.0,0.0,0.0,0.0,0,0.0,0.0,0.0,0.0,0.0
Chris,Owings,281,58,15,0,4,22,75,24,2,4,11,4,0,0,2,0.206,0.272,0.302,0.574,85,25.2375404531,0.519823788546,0.096,0.20640569395,2.97560520626
Marcell,Ozuna,582,163,16,2,23,88,110,38,3,2,3,0,0,0,4,0.28,0.325,0.433,0.758,252,86.4738755981,0.706443914081,0.153,0.223367697595,5.51960908073
Daniel,Palka,417,100,15,3,27,67,153,30,2,3,2,1,0,0,0,0.24,0.294,0.484,0.778,202,61.4387082405,0.738993710692,0.244,0.318944844125,5.21649409589
Joe,Panik,358,91,14,1,4,24,30,26,3,3,4,1,0,1,4,0.254,0.307,0.332,0.639,119,39.5978571429,0.563432835821,0.078,0.159217877095,3.91627158556
Gerardo,Parra,401,114,17,0,6,53,75,32,5,3,11,4,0,2,3,0.284,0.342,0.372,0.714,149,55.1366139955,0.66323024055,0.088,0.184538653367,5.02935330364
Steve,Pearce,215,61,14,1,11,42,41,29,5,0,0,0,0,0,2,0.284,0.378,0.512,0.89,110,45.3729083665,0.935064935065,0.228,0.362790697674,7.85300337113
Joc,Pederson,396,98,27,3,25,56,86,40,4,3,1,3,0,1,3,0.247,0.321,0.52,0.841,206,68.6422072072,0.823920265781,0.273,0.368686868687,6.07652326097
Dustin,Pedroia,11,1,0,0,0,0,1,2,0,0,0,0,0,0,0,0.091,0.231,0.091,0.322,1,0.350769230769,0.3,0.0,0.181818181818,0.947076923077
Francisco,Pena,133,27,3,0,2,8,43,6,1,3,1,0,0,0,2,0.203,0.239,0.271,0.51,36,9.24225352113,0.415094339623,0.068,0.12030075188,2.31056338028
Hunter,Pence,235,53,11,1,4,24,59,11,0,1,5,0,0,0,2,0.226,0.258,0.332,0.59,78,21.7393548387,0.516483516484,0.106,0.174468085106,3.19001402525
Cliff,Pennington,29,4,0,0,0,0,13,5,0,0,0,0,0,0,0,0.138,0.265,0.138,0.403,4,1.40294117647,0.36,0.0,0.172413793103,1.51517647059
David,Peralta,560,164,25,5,30,87,124,48,4,4,4,0,0,0,2,0.293,0.352,0.516,0.868,289,107.155700326,0.871212121212,0.223,0.316071428571,7.26935655476
Freddy,Peralta,26,1,0,0,0,1,13,0,0,0,0,0,0,1,0,0.038,0.038,0.038,0.077,1,0.0562962962963,0.04,0.0,0.0,0.0584615384615
Jose,Peraza,632,182,31,4,14,58,75,29,9,4,23,5,0,8,5,0.288,0.326,0.416,0.742,263,91.4647144949,0.701098901099,0.128,0.20253164557,5.27681045163
Carlos,Perez,70,10,2,0,1,3,21,2,1,0,1,0,0,2,0,0.143,0.178,0.214,0.392,15,3.0056,0.316666666667,0.071,0.114285714286,1.30889032258
Hernan,Perez,316,80,11,2,9,29,71,17,0,1,11,2,0,0,1,0.253,0.29,0.386,0.676,122,37.6586826347,0.621848739496,0.133,0.215189873418,4.25432816376
Michael,Perez,74,21,5,0,1,11,19,3,0,0,0,0,0,1,2,0.284,0.304,0.392,0.696,29,9.402,0.603773584906,0.108,0.148648648649,4.53310714286
Roberto,Perez,179,30,9,1,2,19,70,21,1,0,1,0,0,7,2,0.168,0.256,0.263,0.519,47,14.3420952381,0.469798657718,0.095,0.217877094972,2.45086437613
Salvador,Perez,510,120,23,0,27,80,108,17,12,0,1,1,0,0,5,0.235,0.274,0.439,0.713,224,63.8413235294,0.647058823529,0.204,0.237254901961,4.35281751337
Jace,Peterson,210,42,13,2,3,28,58,31,3,0,13,3,0,1,1,0.2,0.31,0.324,0.634,68,25.1167479675,0.654970760234,0.124,0.319047619048,3.9199548851
Gregorio,Petit,61,15,2,0,0,3,14,6,0,0,3,1,0,0,0,0.246,0.313,0.279,0.592,17,6.00597014925,0.531914893617,0.033,0.16393442623,3.45023817085
Tommy,Pham,494,136,18,6,21,63,140,67,6,2,15,6,0,0,3,0.275,0.367,0.464,0.83,229,91.4639649123,0.854395604396,0.189,0.342105263158,6.72895654668
Josh,Phegley,93,19,7,0,2,15,27,6,1,0,0,0,0,0,2,0.204,0.255,0.344,0.599,32,8.88588235294,0.527027027027,0.14,0.204301075269,3.15682662539
Brandon,Phillips,23,3,0,0,1,2,7,4,0,0,0,0,0,0,0,0.13,0.259,0.261,0.52,6,1.82518518519,0.5,0.131,0.304347826087,2.464
Brett,Phillips,134,25,4,3,2,11,61,11,1,0,1,1,0,0,1,0.187,0.252,0.306,0.558,41,11.0595918367,0.481818181818,0.119,0.201492537313,2.69017098731
Kevin,Pillar,512,129,40,2,15,59,98,18,6,0,14,2,0,0,6,0.252,0.282,0.426,0.708,218,65.3701845018,0.65974025974,0.174,0.232421875,4.51405366125
Manny,Pina,306,77,13,2,9,28,62,21,5,3,2,0,0,1,4,0.252,0.307,0.395,0.702,121,39.9224332344,0.650655021834,0.143,0.218954248366,4.60643460397
Chad,Pinder,298,77,12,1,13,27,88,27,6,1,0,1,0,2,0,0.258,0.332,0.436,0.769,130,45.6163363363,0.72972972973,0.178,0.265100671141,5.4983976834
Jose,Pirela,438,109,23,2,5,32,89,30,3,1,6,2,0,0,2,0.249,0.3,0.345,0.645,151,48.3873150106,0.567975830816,0.096,0.173515981735,3.92329581167
Stephen,Piscotty,546,146,41,0,27,88,114,42,12,0,2,0,0,0,5,0.267,0.331,0.491,0.821,268,94.4396694215,0.81,0.224,0.304029304029,6.29597796143
Nick,Pivetta,40,4,1,0,0,1,20,2,0,0,0,0,0,3,0,0.1,0.143,0.125,0.268,5,0.944,0.194444444444,0.025,0.075,0.653538461538
Kevin,Plawecki,238,50,13,2,7,30,65,28,9,2,0,1,0,1,1,0.21,0.315,0.37,0.685,88,30.4694584838,0.656084656085,0.16,0.273109243697,4.30720093749
Trevor,Plouffe,12,3,0,0,1,3,6,0,0,0,0,0,0,0,0,0.25,0.25,0.5,0.75,6,1.5,0.666666666667,0.25,0.25,4.5
Gregory,Polanco,461,117,32,6,23,81,117,61,3,5,12,2,0,0,7,0.254,0.34,0.499,0.839,230,85.8728947368,0.878612716763,0.245,0.399132321041,6.56818175041
Jorge,Polanco,302,87,18,3,6,42,62,25,2,0,7,6,0,3,1,0.288,0.345,0.427,0.773,129,45.9697297297,0.710407239819,0.139,0.225165562914,5.51636756757
A.J.,Pollock,413,106,21,5,21,65,100,31,8,2,13,2,0,1,7,0.257,0.316,0.484,0.8,200,68.559173913,0.809061488673,0.227,0.329297820823,5.83942490742
Dalton,Pompey,10,2,0,0,0,0,6,1,0,0,0,0,0,0,0,0.2,0.273,0.2,0.473,2,0.616363636364,0.375,0.0,0.1,2.08022727273
Buster,Posey,398,113,22,1,5,41,53,45,3,3,3,1,0,0,2,0.284,0.359,0.382,0.741,152,59.3928571429,0.706293706294,0.098,0.21608040201,5.56808035714
Boog,Powell,24,4,1,1,0,0,6,1,0,0,1,1,0,0,0,0.167,0.2,0.292,0.492,7,1.2448,0.380952380952,0.125,0.166666666667,1.60045714286
Martin,Prado,197,48,9,0,1,18,35,11,1,0,1,0,0,0,0,0.244,0.287,0.305,0.592,60,18.2698564593,0.489932885906,0.061,0.121827411168,3.31064513021
Jurickson,Profar,524,133,35,6,20,77,88,54,12,1,10,0,0,0,4,0.254,0.335,0.458,0.793,240,88.5047474747,0.808184143223,0.204,0.326335877863,6.04969159954
Yasiel,Puig,403,108,21,1,23,63,85,36,1,2,15,5,0,0,2,0.268,0.328,0.496,0.824,200,69.0307692308,0.823333333333,0.228,0.342431761787,6.17162506368
Albert,Pujols,465,114,20,0,19,64,65,28,2,3,1,0,0,0,3,0.245,0.289,0.411,0.7,191,57.8602409639,0.632478632479,0.166,0.227956989247,4.41306922606
Roman,Quinn,131,34,6,4,2,12,35,10,1,0,10,4,0,1,0,0.26,0.317,0.412,0.729,54,17.9425174825,0.70297029703,0.152,0.274809160305,4.74948992184
Jose,Quintana,52,4,0,0,0,0,26,0,0,0,0,0,0,6,0,0.077,0.077,0.077,0.154,4,0.491034482759,0.0833333333333,0.0,0.0,0.245517241379
Hanley,Ramirez,177,45,7,0,6,29,35,14,2,0,4,1,0,0,2,0.254,0.313,0.395,0.708,70,23.7784615385,0.669172932331,0.141,0.237288135593,4.75569230769
Jose,Ramirez,578,156,38,4,39,105,80,106,8,15,34,6,0,0,6,0.27,0.387,0.552,0.939,319,138.255816619,1.07710280374,0.282,0.51384083045,8.601168315
Wilson,Ramos,382,117,22,1,15,70,80,32,0,2,0,0,0,0,2,0.306,0.358,0.487,0.845,186,69.7864423077,0.822641509434,0.181,0.264397905759,7.0570559637
Colby,Rasmus,45,6,1,0,1,1,19,3,1,0,0,0,0,0,0,0.133,0.204,0.222,0.426,10,2.25306122449,0.358974358974,0.089,0.155555555556,1.55981161695
Robbie,Ray,39,3,1,0,0,2,24,0,0,0,0,0,0,4,1,0.077,0.075,0.103,0.178,4,0.45,0.111111111111,0.026,0.025641025641,0.296341463415
J.T.,Realmuto,477,132,30,3,21,74,104,38,10,0,3,2,0,0,4,0.277,0.34,0.484,0.825,231,83.1519092628,0.806916426513,0.207,0.289308176101,6.39630071252
Josh,Reddick,433,105,13,2,17,47,77,49,0,3,7,2,0,1,2,0.242,0.318,0.4,0.718,173,59.5965360825,0.687878787879,0.158,0.281755196305,4.83215157425
Cody,Reed,11,0,0,0,0,0,10,1,0,0,0,0,0,0,0,0.0,0.083,0.0,0.083,0,0.0216666666667,0.0909090909091,0.0,0.0909090909091,0.0531818181818
Rob,Refsnyder,84,14,3,0,2,5,26,18,0,0,0,1,0,0,0,0.167,0.314,0.274,0.588,23,8.41254901961,0.56338028169,0.107,0.309523809524,3.19913835957
Jack,Reinheimer,30,5,0,0,0,0,9,5,0,0,1,1,0,0,0,0.167,0.286,0.167,0.452,5,1.75371428571,0.384615384615,0.0,0.166666666667,1.82116483516
Anthony,Rendon,529,163,44,2,24,92,82,55,5,5,2,1,0,0,8,0.308,0.374,0.535,0.909,283,112.487437186,0.937329700272,0.227,0.332703213611,8.09909547739
Hunter,Renfroe,403,100,23,1,26,68,109,30,3,2,2,1,0,0,5,0.248,0.302,0.504,0.805,203,64.2639455782,0.779605263158,0.256,0.332506203474,5.61529621557
Franmil,Reyes,261,73,9,0,16,31,80,24,0,0,0,0,0,0,0,0.28,0.34,0.498,0.838,130,46.3694035088,0.81914893617,0.218,0.310344827586,6.6594356103
Jose,Reyes,228,43,12,3,4,16,39,22,0,1,5,2,0,1,0,0.189,0.26,0.32,0.58,73,20.4762549801,0.524064171123,0.131,0.241228070175,2.94073874714
Pablo,Reyes,58,17,2,0,3,7,11,5,0,0,0,1,0,0,0,0.293,0.349,0.483,0.832,28,9.76666666667,0.761904761905,0.19,0.258620689655,6.27857142857
Victor,Reyes,212,47,5,3,1,12,46,5,0,0,9,1,0,1,1,0.222,0.239,0.288,0.526,61,15.8402739726,0.44578313253,0.066,0.127358490566,2.54575831703
Mark,Reynolds,206,51,8,0,13,40,64,24,2,1,0,0,0,0,3,0.248,0.328,0.476,0.803,98,34.7515744681,0.8,0.228,0.344660194175,5.93856019391
Matt,Reynolds,13,2,0,0,0,1,4,1,0,0,0,0,0,0,0,0.154,0.214,0.154,0.368,2,0.484285714286,0.272727272727,0.0,0.0769230769231,1.1887012987
Clayton,Richard,42,4,1,0,1,3,24,2,1,0,0,0,0,6,0,0.095,0.156,0.19,0.346,8,1.63333333333,0.289473684211,0.095,0.142857142857,1.00227272727
Trevor,Richards,31,2,0,0,0,2,17,1,0,0,0,0,0,4,0,0.065,0.094,0.065,0.158,2,0.361666666667,0.103448275862,0.0,0.0322580645161,0.295909090909
Joey,Rickard,213,52,10,1,8,23,55,15,2,0,4,2,0,0,0,0.244,0.3,0.413,0.713,88,27.5282608696,0.656441717791,0.169,0.24882629108,4.55989597226
JT,Riddle,308,71,10,4,9,36,67,20,0,1,0,3,0,3,1,0.231,0.277,0.377,0.653,116,32.6077108434,0.554166666667,0.146,0.201298701299,3.60823029824
Rene,Rivera,86,20,4,0,4,11,35,4,1,0,0,0,0,0,0,0.233,0.275,0.419,0.693,36,10.2472527473,0.621212121212,0.186,0.232558139535,4.19205794206
Yadiel,Rivera,139,24,3,0,1,9,51,19,0,3,2,1,0,0,2,0.173,0.269,0.216,0.485,30,9.513,0.431034482759,0.043,0.187050359712,2.17670338983
Anthony,Rizzo,566,160,29,1,25,101,80,70,20,15,6,4,0,0,9,0.283,0.376,0.47,0.846,266,108.498947368,0.873170731707,0.187,0.314487632509,6.99157894737
Tanner,Roark,58,11,2,1,0,8,19,1,1,0,0,0,0,5,0,0.19,0.217,0.259,0.475,15,3.624,0.36170212766,0.069,0.0862068965517,1.88169230769
Daniel,Robertson,282,74,16,0,9,34,77,43,13,0,2,2,0,0,2,0.262,0.382,0.415,0.797,117,50.3115294118,0.82380952381,0.153,0.304964539007,6.40760044395
Drew,Robinson,109,20,3,0,3,9,57,16,0,0,2,1,0,0,0,0.183,0.288,0.294,0.582,32,10.416,0.544444444444,0.111,0.266055045872,3.1248
Shane,Robinson,49,7,1,0,1,2,6,4,0,0,1,0,0,1,0,0.143,0.208,0.224,0.432,11,2.66444444444,0.380952380952,0.081,0.183673469388,1.67302325581
Victor,Robles,59,17,3,1,3,10,12,4,2,0,3,2,0,0,1,0.288,0.348,0.525,0.874,31,11.0218181818,0.863636363636,0.237,0.322033898305,6.61309090909
Dereck,Rodriguez,32,3,1,0,0,1,16,0,0,0,0,0,0,7,0,0.094,0.094,0.125,0.219,4,0.587692307692,0.137931034483,0.031,0.03125,0.440769230769
Jefry,Rodriguez,16,3,1,0,0,1,8,0,0,0,0,0,0,2,0,0.188,0.188,0.25,0.438,4,0.84,0.307692307692,0.062,0.0625,1.512
Ronny,Rodriguez,191,42,7,0,5,20,42,10,0,0,2,0,0,3,2,0.22,0.256,0.335,0.591,64,17.7304854369,0.510067114094,0.115,0.178010471204,3.10859160257
Sean,Rodriguez,150,25,5,1,5,19,60,22,1,1,1,0,0,0,0,0.167,0.277,0.313,0.591,47,14.7717919075,0.568,0.146,0.3,3.19070705202
Miguel,Rojas,489,123,13,0,11,53,69,24,9,2,6,2,0,2,4,0.252,0.297,0.346,0.642,169,53.4625,0.559782608696,0.094,0.151329243354,3.85959224599
Sal,Romano,36,2,1,0,0,2,24,0,0,0,0,0,0,4,0,0.056,0.056,0.083,0.139,3,0.254,0.0882352941176,0.027,0.0277777777778,0.180473684211
Andrew,Romine,119,25,2,1,0,2,39,7,1,0,1,0,0,4,0,0.21,0.26,0.244,0.504,29,8.48427480916,0.404255319149,0.034,0.100840336134,2.33750428416
Austin,Romine,242,59,12,0,10,42,67,17,2,0,1,0,0,1,3,0.244,0.295,0.417,0.713,101,31.9476226415,0.661202185792,0.173,0.247933884298,4.61275834931
Jose,Rondon,100,23,6,0,6,14,30,7,0,0,2,1,0,0,0,0.23,0.28,0.47,0.75,47,13.5134579439,0.705128205128,0.24,0.32,4.67773544213
Adam,Rosales,19,4,1,0,1,2,5,1,0,0,0,0,0,1,0,0.211,0.25,0.421,0.671,8,2.09047619048,0.6,0.21,0.263157894737,3.52767857143
Amed,Rosario,554,142,26,8,9,51,119,29,3,4,24,11,0,3,3,0.256,0.295,0.381,0.676,211,64.3960135135,0.605200945626,0.125,0.20036101083,4.0528959554
Eddie,Rosario,559,161,31,2,24,77,104,30,0,5,8,1,0,1,2,0.288,0.323,0.479,0.803,268,89.935472973,0.764411027569,0.191,0.257602862254,6.0404422146
Tyson,Ross,41,8,0,0,1,4,16,1,0,0,1,0,0,3,1,0.195,0.209,0.268,0.478,11,2.71173913043,0.393939393939,0.073,0.121951219512,1.97883666275
Ryan,Rua,139,27,3,1,6,12,53,5,0,0,3,1,0,2,1,0.194,0.221,0.36,0.58,50,11.4763265306,0.504424778761,0.166,0.215827338129,2.67121393385
Rio,Ruiz,12,1,0,0,0,0,5,2,1,0,0,0,0,0,0,0.083,0.267,0.083,0.35,1,0.474666666667,0.363636363636,0.0,0.166666666667,1.16509090909
Addison,Russell,420,105,21,1,5,38,99,40,2,2,4,0,0,1,2,0.25,0.317,0.34,0.657,143,49.6449032258,0.6,0.09,0.195238095238,4.21513329276
Hyun-Jin,Ryu,26,7,1,0,0,2,13,2,0,0,0,0,0,2,0,0.269,0.321,0.308,0.629,8,2.868,0.526315789474,0.039,0.115384615385,3.68742857143
Tyler,Saladino,126,31,4,0,5,16,41,9,1,0,2,2,0,2,1,0.246,0.299,0.397,0.696,50,15.4877697842,0.618556701031,0.151,0.222222222222,4.18169784173
Jeff,Samardzija,10,1,0,0,0,0,6,0,0,0,0,0,0,1,0,0.1,0.1,0.1,0.2,1,0.138181818182,0.111111111111,0.0,0.0,0.373090909091
Adrian,Sanchez,58,16,2,1,0,3,8,1,0,0,0,0,0,0,0,0.276,0.288,0.345,0.633,20,5.83762711864,0.5,0.069,0.0862068965517,3.75276029056
Anibal,Sanchez,41,1,0,0,0,0,25,1,0,0,0,0,0,2,0,0.024,0.048,0.024,0.072,1,0.104545454545,0.05,0.0,0.0243902439024,0.0672077922078
Carlos,Sanchez,600,145,34,10,8,55,138,49,8,0,14,5,0,2,3,0.242,0.306,0.372,0.678,223,73.7113293051,0.628260869565,0.13,0.226666666667,4.28001266933
Gary,Sanchez,323,60,17,0,18,53,94,46,3,0,1,0,0,0,2,0.186,0.291,0.406,0.697,131,42.3467914439,0.688212927757,0.22,0.365325077399,4.31457875088
Pablo,Sandoval,230,57,10,1,9,40,52,19,2,2,0,0,0,0,1,0.248,0.31,0.417,0.727,96,31.4042857143,0.676300578035,0.169,0.252173913043,4.87307881773
Miguel,Sano,266,53,14,0,13,41,115,31,0,0,0,0,0,0,2,0.199,0.281,0.398,0.679,106,32.3357859532,0.643192488263,0.199,0.315789473684,4.0607731197
Carlos,Santana,560,128,28,2,24,86,93,110,1,6,2,1,0,0,8,0.229,0.352,0.414,0.766,232,92.7113402062,0.794457274827,0.185,0.383928571429,5.67620450242
Danny,Santana,28,5,3,0,0,2,11,3,1,0,1,1,0,0,0,0.179,0.281,0.286,0.567,8,2.39,0.5,0.107,0.214285714286,2.68875
Domingo,Santana,211,56,14,1,5,20,77,20,1,1,1,1,0,0,3,0.265,0.328,0.412,0.74,87,30.4905531915,0.692307692308,0.147,0.241706161137,5.17764110799
Anthony,Santander,101,20,5,1,1,6,21,6,1,0,1,0,0,0,0,0.198,0.25,0.297,0.547,30,8.085,0.469135802469,0.099,0.168316831683,2.695
Luis,Sardinas,18,2,0,0,1,1,5,2,0,0,0,0,0,0,0,0.111,0.2,0.278,0.478,5,1.104,0.4375,0.167,0.277777777778,1.863
Scott,Schebler,380,97,19,0,17,49,99,39,9,1,4,2,0,0,2,0.255,0.337,0.439,0.777,167,60.6386511628,0.761403508772,0.184,0.292105263158,5.70468146828
Max,Scherzer,70,17,2,0,0,6,14,1,2,0,1,0,0,5,0,0.243,0.274,0.271,0.545,19,5.87179487179,0.433962264151,0.028,0.0571428571429,2.73342175066
Jonathan,Schoop,473,110,22,1,21,61,115,19,4,2,1,1,0,1,4,0.233,0.266,0.416,0.682,197,54.1647904192,0.604395604396,0.183,0.224101479915,3.96327734774
Kyle,Schwarber,428,102,14,3,26,61,140,78,1,20,4,3,0,1,2,0.238,0.356,0.467,0.823,200,76.4283137255,0.851063829787,0.229,0.413551401869,6.2155556343
Corey,Seager,101,27,5,1,2,13,17,11,2,1,0,0,0,0,1,0.267,0.348,0.396,0.744,40,15.1791304348,0.716216216216,0.129,0.237623762376,5.46448695652
Kyle,Seager,583,129,36,1,22,78,138,38,5,3,2,2,0,0,4,0.221,0.273,0.4,0.673,233,66.5212698413,0.605263157895,0.179,0.243567753002,3.90450931677
Jean,Segura,586,178,29,3,10,63,69,32,4,2,20,10,0,4,6,0.304,0.341,0.415,0.755,243,86.3255696203,0.691387559809,0.111,0.182593856655,5.4457719153
Marcus,Semien,632,161,35,2,15,70,131,61,1,1,14,4,0,2,7,0.255,0.318,0.388,0.706,245,84.9894452347,0.667368421053,0.133,0.245253164557,4.7411467383
Antonio,Senzatela,24,2,1,0,0,3,13,0,0,0,0,0,0,5,0,0.083,0.083,0.125,0.208,3,0.386206896552,0.136363636364,0.042,0.0416666666667,0.386206896552
Pedro,Severino,190,32,9,0,2,15,47,18,4,4,1,0,0,0,1,0.168,0.254,0.247,0.501,47,13.3656338028,0.443037974684,0.079,0.178947368421,2.26963592878
Chris,Shaw,54,10,2,0,1,7,23,7,0,0,1,0,0,0,1,0.185,0.274,0.278,0.552,15,4.89709677419,0.522727272727,0.093,0.240740740741,2.93825806452
Travis,Shaw,497,120,23,0,32,86,107,78,4,6,5,2,0,1,6,0.241,0.345,0.481,0.826,239,90.4436860068,0.854881266491,0.24,0.402414486922,6.32637181913
JB,Shuck,130,25,3,1,0,4,22,10,1,1,2,2,0,1,0,0.192,0.255,0.231,0.486,30,8.17915492958,0.383177570093,0.039,0.115384615385,2.04478873239
Magneuris,Sierra,147,28,3,0,0,7,39,6,0,1,3,2,0,3,0,0.19,0.222,0.211,0.433,31,7.26564102564,0.314049586777,0.021,0.0680272108844,1.58203473945
Moises,Sierra,54,9,2,0,0,4,20,2,2,0,1,1,0,0,2,0.167,0.217,0.204,0.42,11,2.72,0.326086956522,0.037,0.0740740740741,1.53
Andrelton,Simmons,554,162,26,5,11,75,44,35,5,2,10,2,0,1,5,0.292,0.337,0.417,0.754,231,83.0666666667,0.708121827411,0.125,0.202166064982,5.607
Chance,Sisco,160,29,8,0,2,16,66,13,11,0,1,0,0,0,0,0.181,0.288,0.269,0.557,43,14.3330434783,0.519083969466,0.088,0.175,2.95413873216
Matt,Skole,11,3,0,0,1,1,3,2,0,0,0,0,0,0,0,0.273,0.385,0.545,0.93,6,2.50769230769,1.0,0.272,0.454545454545,8.46346153846
Austin,Slater,199,50,6,1,1,23,69,20,5,2,7,0,0,0,1,0.251,0.333,0.307,0.64,61,23.7133333333,0.624161073826,0.056,0.190954773869,4.2684
Caleb,Smith,22,3,0,0,0,1,13,0,0,0,0,0,0,4,0,0.136,0.136,0.136,0.273,3,0.586153846154,0.157894736842,0.0,0.0,0.688093645485
Dominic,Smith,143,32,11,1,5,11,47,4,2,0,0,0,0,0,0,0.224,0.255,0.42,0.675,60,15.6998657718,0.594594594595,0.196,0.223776223776,3.81888626882
Dwight,Smith,65,17,8,0,2,8,13,7,2,0,0,0,0,0,1,0.262,0.347,0.477,0.824,31,11.7381333333,0.833333333333,0.215,0.323076923077,6.46795102041
Kevan,Smith,171,50,6,0,3,21,18,10,5,0,1,0,0,0,1,0.292,0.348,0.38,0.728,65,24.3106951872,0.669421487603,0.088,0.152046783626,5.38023582011
Mallex,Smith,480,142,27,10,2,40,98,47,8,0,40,11,0,7,2,0.296,0.367,0.406,0.773,195,80.2740441176,0.799426934097,0.11,0.26875,6.05418768485
Justin,Smoak,505,122,34,0,25,77,156,83,3,2,0,1,0,0,3,0.242,0.35,0.457,0.808,231,88.6545454545,0.822916666667,0.215,0.378217821782,6.18520084567
Jake,Smolinski,39,5,1,1,0,2,10,1,1,0,1,0,0,0,0,0.128,0.171,0.205,0.376,8,1.54341463415,0.323529411765,0.077,0.128205128205,1.2256527977
Eric,Sogard,97,13,3,0,0,2,23,12,2,1,3,0,0,1,1,0.134,0.241,0.165,0.406,16,5.25185840708,0.392857142857,0.031,0.185567010309,1.64883926734
Yangervis,Solarte,467,106,20,0,17,54,71,31,3,1,1,1,0,1,3,0.227,0.278,0.379,0.657,177,51.7960792079,0.582872928177,0.152,0.218415417559,3.82102223665
Jorge,Soler,223,59,18,0,9,28,69,28,4,0,3,0,0,0,2,0.265,0.354,0.466,0.82,104,40.6915175097,0.84756097561,0.201,0.340807174888,6.61849983592
Juan,Soto,414,121,25,1,22,70,99,79,0,10,5,2,0,1,0,0.292,0.406,0.517,0.923,214,94.2143319838,1.00338983051,0.225,0.42270531401,8.5938748769
Steven,Souza,241,53,15,3,5,29,75,28,3,0,6,1,0,0,0,0.22,0.309,0.369,0.678,89,30.5696323529,0.661375661376,0.149,0.286307053942,4.36709033613
Denard,Span,437,114,22,7,11,58,79,51,6,0,9,4,0,0,7,0.261,0.341,0.419,0.76,183,68.7133333333,0.749235474006,0.158,0.286041189931,5.55467065868
Cory,Spangenberg,298,70,9,4,7,25,108,25,2,0,6,1,0,4,0,0.235,0.298,0.362,0.661,108,35.0793920973,0.61135371179,0.127,0.228187919463,4.06499393402
George,Springer,544,144,26,0,22,71,122,64,5,0,6,2,0,0,3,0.265,0.346,0.434,0.78,236,88.5857467532,0.768656716418,0.169,0.294117647059,5.90571645022
Jacob,Stallings,37,8,0,0,0,5,9,3,0,0,0,0,0,0,1,0.216,0.268,0.216,0.485,8,2.49512195122,0.379310344828,0.0,0.0810810810811,2.2456097561
Giancarlo,Stanton,617,164,34,1,38,100,211,70,8,5,5,0,0,0,10,0.266,0.343,0.509,0.852,314,116.976964539,0.876379690949,0.243,0.364667747164,6.82155084785
Max,Stassi,221,50,13,0,8,27,74,23,6,0,0,0,0,0,0,0.226,0.316,0.394,0.71,87,29.87464,0.678362573099,0.168,0.27149321267,4.71704842105
Andrew,Stevenson,76,19,2,0,1,13,24,6,1,0,1,1,0,1,3,0.25,0.302,0.316,0.618,24,8.16666666667,0.534482758621,0.066,0.144736842105,3.5564516129
Chris,Stewart,15,3,0,0,0,3,1,1,0,0,0,0,0,0,1,0.2,0.235,0.2,0.435,3,0.889411764706,0.333333333333,0.0,0.0666666666667,1.847239819
Christin,Stewart,60,16,1,1,2,10,13,10,1,0,0,0,0,0,1,0.267,0.375,0.417,0.792,25,10.6425,0.818181818182,0.15,0.316666666667,6.3855
DJ,Stewart,40,10,3,0,3,10,12,4,2,0,2,0,0,0,1,0.25,0.34,0.55,0.89,22,8.5514893617,1.0,0.3,0.45,7.44807137955
Trevor,Story,598,174,42,6,37,108,168,47,7,3,27,6,0,0,4,0.291,0.348,0.567,0.914,339,124.665182927,0.962790697674,0.276,0.389632107023,7.75566806227
Dan,Straily,31,5,1,0,0,1,19,8,1,0,0,0,0,3,0,0.161,0.35,0.194,0.544,6,3.22325581395,0.576923076923,0.033,0.290322580645,3.00096230954
Stephen,Strasburg,41,5,0,0,0,1,12,2,0,0,0,0,0,8,0,0.122,0.163,0.122,0.285,5,1.32862745098,0.194444444444,0.0,0.0487804878049,0.815294117647
Chris,Stratton,43,6,1,0,0,5,26,0,0,0,0,0,0,6,1,0.14,0.136,0.163,0.299,7,1.2768,0.189189189189,0.023,0.0232558139535,0.783490909091
Ross,Stripling,33,3,0,0,0,2,13,0,0,0,1,0,0,4,0,0.091,0.091,0.091,0.182,3,0.454054054054,0.133333333333,0.0,0.030303030303,0.360572337043
Andrew,Suarez,47,3,0,0,0,0,27,2,0,0,0,0,0,2,0,0.064,0.102,0.064,0.166,3,0.447058823529,0.113636363636,0.0,0.0425531914894,0.262404092072
Eugenio,Suarez,527,149,22,2,34,104,142,64,9,7,1,0,0,0,6,0.283,0.366,0.526,0.892,277,109.095049505,0.928571428571,0.243,0.366223908918,7.67074566832
Jesus,Sucre,182,38,5,0,1,17,29,9,1,2,1,0,0,4,2,0.209,0.247,0.253,0.5,46,12.5381818182,0.395833333333,0.044,0.0989010989011,2.25687272727
Andrew,Susac,26,3,1,0,0,0,12,0,0,0,0,0,0,0,0,0.115,0.115,0.154,0.269,4,0.461538461538,0.173913043478,0.039,0.0384615384615,0.541806020067
Brent,Suter,26,5,1,0,1,3,6,4,1,0,0,0,0,1,0,0.192,0.323,0.346,0.669,9,3.38125,0.666666666667,0.154,0.307692307692,4.14971590909
Ichiro,Suzuki,44,9,0,0,0,0,7,3,0,0,0,0,0,0,0,0.205,0.255,0.205,0.46,9,2.4970212766,0.342857142857,0.0,0.0681818181818,1.92627355623
Kurt,Suzuki,347,94,24,0,12,50,43,22,13,0,0,0,0,0,6,0.271,0.332,0.444,0.776,154,55.2638659794,0.747035573123,0.173,0.236311239193,5.76109799785
Dansby,Swanson,478,114,25,4,14,59,122,44,2,15,10,4,0,6,3,0.238,0.304,0.395,0.699,189,60.567804878,0.654891304348,0.157,0.261506276151,4.33774729896
Blake,Swihart,192,44,10,0,3,18,57,15,0,0,6,1,0,0,0,0.229,0.285,0.328,0.613,63,19.6191304348,0.557046979866,0.099,0.203125,3.5551444412
Noah,Syndergaard,47,6,2,0,0,3,32,1,0,0,0,0,0,3,1,0.128,0.143,0.17,0.313,8,1.39192307692,0.219512195122,0.042,0.063829787234,0.835153846154
Matt,Szczur,75,14,3,0,1,6,24,8,0,0,3,0,0,1,0,0.187,0.265,0.267,0.532,20,6.32761904762,0.508196721311,0.08,0.226666666667,2.75557603687
Jameson,Taillon,57,4,1,0,0,3,22,1,0,0,0,0,0,5,0,0.07,0.086,0.088,0.174,5,0.62380952381,0.11320754717,0.018,0.0350877192982,0.29039408867
Raimel,Tapia,25,5,2,1,1,6,7,2,0,0,0,0,0,0,0,0.2,0.259,0.48,0.739,12,3.24592592593,0.7,0.28,0.36,4.382
Mike,Tauchman,32,3,1,0,0,0,15,4,0,0,1,0,0,1,0,0.094,0.194,0.125,0.319,4,1.15027027027,0.310344827586,0.031,0.1875,1.03524324324
Chris,Taylor,536,136,35,8,17,63,178,55,9,0,9,5,0,0,4,0.254,0.331,0.444,0.775,238,84.392384106,0.755555555556,0.19,0.300373134328,5.57113538108
Michael,A.,353,80,22,3,6,28,116,29,1,2,24,6,0,2,0,0.227,0.287,0.357,0.644,126,39.6550649351,0.623655913978,0.13,0.263456090652,3.81027314323
Julio,Teheran,40,7,0,0,1,4,8,1,0,0,0,0,0,12,1,0.175,0.19,0.25,0.44,10,2.52148148148,0.333333333333,0.075,0.1,1.48
Tomas,Telis,29,6,1,0,0,1,8,2,0,0,0,0,0,0,0,0.207,0.258,0.241,0.499,7,1.94064516129,0.391304347826,0.034,0.103448275862,2.2781486676
Rowdy,Tellez,70,22,9,0,4,14,21,2,0,0,0,0,0,0,1,0.314,0.329,0.614,0.943,43,14.4789041096,0.9375,0.3,0.328571428571,7.97817165222
Eric,Thames,247,54,10,3,16,37,97,29,2,4,7,0,0,0,0,0.219,0.306,0.478,0.783,118,39.3384892086,0.80829015544,0.259,0.404858299595,5.50331196183
Trayce,Thompson,128,15,3,0,3,9,50,7,0,1,3,1,0,1,1,0.117,0.162,0.211,0.373,27,4.77635036496,0.315789473684,0.094,0.1640625,1.11173672288
Charlie,Tilson,106,28,1,1,0,11,20,10,1,0,2,3,0,2,1,0.264,0.331,0.292,0.623,31,10.938,0.506172839506,0.028,0.11320754717,3.51578571429
Carlos,Tocci,120,27,3,2,0,5,39,7,1,0,0,1,0,6,1,0.225,0.271,0.283,0.555,34,10.0035555556,0.436170212766,0.058,0.108333333333,2.67421782178
Andrew,Toles,30,7,2,0,0,4,8,2,0,1,1,0,0,0,0,0.233,0.281,0.3,0.581,9,2.750625,0.521739130435,0.067,0.166666666667,3.22899456522
Kelby,Tomlinson,140,29,4,2,0,10,35,9,2,0,0,2,0,1,0,0.207,0.265,0.264,0.529,37,10.095,0.407079646018,0.057,0.107142857143,2.39092105263
Gleyber,Torres,431,117,16,1,24,77,122,42,5,3,6,2,0,1,5,0.271,0.34,0.48,0.82,207,75.2028099174,0.816455696203,0.209,0.315545243619,6.3058256763
Ramon,Torres,28,5,1,0,0,1,3,1,0,0,0,0,0,0,0,0.179,0.207,0.214,0.421,6,1.29517241379,0.304347826087,0.035,0.0714285714286,1.5204197901
Ronald,Torreyes,100,28,7,1,0,7,16,2,0,0,0,0,0,0,0,0.28,0.294,0.37,0.664,37,11.0352941176,0.541666666667,0.09,0.11,4.13823529412
Touki,Toussaint,10,1,0,0,0,0,5,0,0,0,0,0,0,0,0,0.1,0.1,0.1,0.2,1,0.1,0.111111111111,0.0,0.0,0.3
Blake,Trahan,14,3,0,0,0,0,4,0,0,0,0,0,0,0,0,0.214,0.214,0.214,0.429,3,0.642857142857,0.272727272727,0.0,0.0,1.57792207792
Devon,Travis,357,83,14,3,11,44,64,16,5,1,3,2,0,0,0,0.232,0.275,0.381,0.656,136,38.5225396825,0.572463768116,0.149,0.196078431373,3.76850931677
Sam,Travis,36,8,3,0,1,7,10,2,0,0,0,0,0,0,0,0.222,0.263,0.389,0.652,14,3.82105263158,0.571428571429,0.167,0.222222222222,3.68458646617
Mike,Trout,471,147,24,4,39,79,124,122,10,25,24,1,0,0,4,0.312,0.46,0.628,1.088,296,154.974695222,1.38769230769,0.316,0.624203821656,12.7182880578
Mark,Trumbo,330,86,12,0,17,44,87,24,2,0,0,0,0,0,2,0.261,0.313,0.452,0.764,149,49.0547486034,0.717213114754,0.191,0.263636363636,5.38405777354
Kyle,Tucker,64,9,2,1,0,4,13,6,2,0,1,1,0,0,0,0.141,0.236,0.203,0.439,13,3.46666666667,0.375,0.062,0.15625,1.67142857143
Preston,Tucker,166,38,11,0,6,27,43,13,4,0,0,0,0,0,1,0.229,0.299,0.404,0.703,67,21.5038043478,0.65625,0.175,0.253012048193,4.50079625885
Justin,Turner,365,114,31,1,14,52,54,47,12,3,2,0,0,0,2,0.312,0.406,0.518,0.924,189,83.5110798122,0.996015936255,0.206,0.339726027397,8.91224962423
Trea,Turner,664,180,27,6,19,73,132,69,5,3,43,9,0,2,0,0.271,0.344,0.416,0.76,276,105.237432432,0.778904665314,0.145,0.299698795181,5.74022358722
Justin,Upton,533,137,18,1,30,85,176,64,10,1,8,2,0,0,6,0.257,0.344,0.463,0.808,247,93.166949429,0.821608040201,0.206,0.337711069418,6.226504046
Jose,Urena,48,2,1,0,0,1,35,1,0,0,0,0,0,3,0,0.042,0.061,0.063,0.124,3,0.278076923077,0.0869565217391,0.021,0.0416666666667,0.153226059655
Richard,Urena,100,29,4,0,1,6,33,7,0,0,2,1,0,2,0,0.29,0.336,0.36,0.696,36,12.8119266055,0.611111111111,0.07,0.15,4.67462186958
Luis,Urias,48,10,1,0,2,5,10,3,1,0,1,0,0,0,1,0.208,0.264,0.354,0.618,17,5.04,0.578947368421,0.146,0.229166666667,3.48923076923
Gio,Urshela,43,10,1,0,1,3,10,2,1,0,0,0,0,0,0,0.233,0.283,0.326,0.608,14,4.17695652174,0.515151515152,0.093,0.139534883721,3.41750988142
Chase,Utley,164,35,10,1,1,14,34,17,5,2,3,0,0,0,1,0.213,0.305,0.305,0.61,50,17.4596791444,0.581395348837,0.092,0.213414634146,3.62624105306
Pat,Valaika,122,19,5,0,2,5,30,9,0,0,0,0,0,2,0,0.156,0.214,0.246,0.46,30,7.02736842105,0.378640776699,0.09,0.16393442623,1.80703759398
Luis,Valbuena,266,53,9,0,9,33,100,19,1,3,3,0,0,0,2,0.199,0.253,0.335,0.588,89,24.3384027778,0.525821596244,0.136,0.218045112782,3.0564505814
Danny,Valencia,255,67,8,1,9,28,53,22,0,2,1,1,0,0,5,0.263,0.316,0.408,0.723,104,35.050212766,0.666666666667,0.145,0.23137254902,4.87812239526
Jesmuel,Valentin,79,14,5,1,1,6,24,8,1,0,0,0,0,0,1,0.177,0.258,0.304,0.562,24,6.94134831461,0.507692307692,0.127,0.227848101266,2.83964249234
Breyvic,Valera,64,15,0,1,0,8,13,7,0,0,1,0,0,2,2,0.234,0.301,0.266,0.567,17,6.2832,0.510204081633,0.032,0.15625,3.2008754717
Ildemaro,Vargas,19,4,0,0,1,4,4,1,0,0,1,0,0,0,0,0.211,0.25,0.368,0.618,7,1.945,0.6,0.157,0.263157894737,3.501
Jason,Vargas,27,4,0,0,0,0,8,1,0,0,0,0,0,3,0,0.148,0.179,0.148,0.327,4,0.938709677419,0.217391304348,0.0,0.037037037037,0.974813895782
Christian,Vazquez,251,52,10,0,3,16,41,13,4,1,4,1,0,1,0,0.207,0.257,0.283,0.54,71,19.656802974,0.455,0.076,0.139442231076,2.64046607113
Vince,Velasquez,40,9,1,0,0,1,11,0,0,0,0,0,0,5,0,0.225,0.225,0.25,0.475,10,2.52,0.322580645161,0.025,0.025,1.89
Andrew,Velazquez,10,3,1,0,0,0,3,1,1,0,1,0,0,0,0,0.3,0.417,0.4,0.817,4,2.1,1.0,0.1,0.3,8.1
Alex,Verdugo,77,20,6,0,1,4,14,8,0,0,0,0,0,1,0,0.26,0.329,0.377,0.706,29,10.288372093,0.649122807018,0.117,0.220779220779,4.78941459503
Christian,Villanueva,351,83,15,0,20,46,104,23,9,0,3,0,0,0,1,0.236,0.299,0.45,0.75,158,50.4322916667,0.720149253731,0.214,0.287749287749,5.06197723048
Jonathan,Villar,466,121,14,1,14,46,138,41,5,0,35,5,0,1,2,0.26,0.325,0.384,0.709,179,66.2847378641,0.728571428571,0.124,0.276824034335,5.06993745703
Meibrys,Viloria,27,7,2,0,0,4,9,1,0,0,0,0,0,1,0,0.259,0.286,0.333,0.619,9,2.69793103448,0.5,0.074,0.111111111111,3.46876847291
Dan,Vogelbach,87,18,2,0,4,13,26,13,2,0,0,0,0,0,0,0.207,0.324,0.368,0.691,32,11.6147058824,0.68115942029,0.161,0.310344827586,4.54488491049
Luke,Voit,143,46,5,0,15,36,43,17,1,0,0,0,0,0,0,0.322,0.398,0.671,1.069,96,40.021863354,1.17525773196,0.349,0.468531468531,11.1401062944
Joey,Votto,503,143,28,2,12,67,101,108,9,6,2,0,0,0,3,0.284,0.417,0.419,0.837,211,101.187158909,0.916666666667,0.135,0.353876739563,7.52631760476
Michael,Wacha,25,2,0,0,0,1,9,1,0,0,0,0,0,6,0,0.08,0.115,0.08,0.195,2,0.504375,0.130434782609,0.0,0.04,0.469590517241
Tyler,Wade,66,11,4,0,1,5,23,4,0,0,1,0,0,0,0,0.167,0.214,0.273,0.487,18,4.19142857143,0.418181818182,0.106,0.181818181818,2.05761038961
Adam,Wainwright,11,1,0,0,0,1,6,0,0,0,0,0,0,1,0,0.091,0.091,0.091,0.182,1,0.126666666667,0.1,0.0,0.0,0.310909090909
Mitch,Walding,17,1,0,0,1,2,12,2,0,0,0,0,0,0,0,0.059,0.158,0.235,0.393,4,0.713684210526,0.375,0.176,0.294117647059,1.20434210526
Christian,Walker,49,8,2,0,3,6,22,3,1,0,1,0,0,0,0,0.163,0.226,0.388,0.614,19,4.65509433962,0.585365853659,0.225,0.30612244898,3.06554993097
Neil,Walker,347,76,12,1,11,46,87,42,5,3,0,0,0,0,4,0.219,0.309,0.354,0.664,123,42.1908542714,0.627306273063,0.135,0.256484149856,4.14237478301
Chad,Wallach,45,8,1,0,1,5,23,4,2,0,0,0,0,1,0,0.178,0.275,0.267,0.541,12,3.79076923077,0.486486486486,0.089,0.177777777778,2.69344129555
Taylor,Ward,135,24,3,0,6,15,45,9,3,0,2,0,0,0,0,0.178,0.245,0.333,0.578,45,12.0391836735,0.531531531532,0.155,0.237037037037,2.92845008274
Luke,Weaver,38,6,0,0,0,2,14,1,0,0,0,0,0,7,0,0.158,0.179,0.158,0.337,6,1.50652173913,0.21875,0.0,0.0263157894737,1.04297658863
Joey,Wendle,487,146,33,6,7,61,96,37,9,4,16,2,0,2,10,0.3,0.354,0.435,0.789,212,82.7911926606,0.793002915452,0.135,0.240246406571,6.29679493475
Zack,Wheeler,56,11,2,0,0,4,21,0,0,0,0,0,0,3,1,0.196,0.193,0.232,0.425,13,2.76466666667,0.288888888889,0.036,0.0357142857143,1.5233877551
Tyler,White,210,58,12,3,12,42,49,24,2,0,0,0,0,0,1,0.276,0.354,0.533,0.888,112,42.2764556962,0.907894736842,0.257,0.371428571429,7.46055100521
Matt,Wieters,235,56,8,0,8,30,45,30,3,3,0,1,0,1,2,0.238,0.33,0.374,0.704,88,31.6150553506,0.666666666667,0.136,0.259574468085,4.6645163632
Steve,Wilkerson,46,8,3,0,0,3,16,3,0,0,1,0,0,0,0,0.174,0.224,0.239,0.464,11,2.7612244898,0.394736842105,0.065,0.152173913043,1.9619226638
Mason,Williams,123,36,5,1,2,6,29,7,0,1,1,2,0,2,0,0.293,0.331,0.398,0.729,49,16.1887878788,0.61797752809,0.105,0.154471544715,4.80326673327
Nick,Williams,407,104,12,3,17,50,111,32,9,2,3,1,0,0,0,0.256,0.324,0.425,0.749,173,59.3678571429,0.710526315789,0.169,0.253071253071,5.2728031015
Trevor,Williams,43,5,0,0,0,0,13,2,0,0,0,0,0,6,0,0.116,0.156,0.116,0.272,5,1.18588235294,0.184210526316,0.0,0.046511627907,0.727700534759
Mac,Williamson,94,20,4,0,4,11,27,11,0,0,1,1,0,0,0,0.213,0.295,0.383,0.678,36,11.2514285714,0.626666666667,0.17,0.287234042553,4.05051428571
Bobby,Wilson,135,24,8,0,2,16,37,12,0,0,0,0,0,2,2,0.178,0.242,0.281,0.523,38,10.2993377483,0.45045045045,0.103,0.192592592593,2.41810538439
Jesse,Winker,281,84,16,0,7,43,46,49,2,4,0,0,0,1,1,0.299,0.405,0.431,0.836,121,54.2667664671,0.873096446701,0.132,0.306049822064,7.36282761111
Patrick,Wisdom,50,13,1,0,4,10,19,6,2,0,2,1,0,0,0,0.26,0.362,0.52,0.882,26,10.0413793103,0.921052631579,0.26,0.4,7.13466424682
Tony,Wolters,181,31,4,4,3,27,33,26,6,2,2,0,0,0,2,0.171,0.293,0.287,0.58,52,18.1322790698,0.573333333333,0.116,0.270718232044,3.22086536108
Kolten,Wong,353,88,18,2,9,38,60,31,14,3,6,4,0,6,3,0.249,0.332,0.388,0.72,137,49.355970516,0.684014869888,0.139,0.232294617564,4.79356548177
Alex,Wood,44,2,0,0,0,0,25,0,0,0,1,0,0,6,0,0.045,0.045,0.045,0.091,2,0.2256,0.0714285714286,0.0,0.0227272727273,0.1269
Austin,Wynns,110,28,2,0,4,11,25,5,0,0,0,0,0,3,0,0.255,0.287,0.382,0.669,42,12.5455932203,0.573170731707,0.127,0.172727272727,3.98507078764
Christian,Yelich,574,187,34,7,36,110,135,68,7,2,22,4,0,0,2,0.326,0.402,0.598,1.0,343,148.403502304,1.11508951407,0.272,0.421602787456,10.1956604636
Chris,Young,113,19,2,1,6,13,37,11,2,0,2,0,0,1,1,0.168,0.252,0.363,0.615,41,11.615,0.595744680851,0.195,0.309734513274,3.26671875
Eric,Young,109,22,4,2,1,8,28,6,1,0,5,1,0,0,1,0.202,0.248,0.303,0.551,33,9.07965811966,0.5,0.101,0.192660550459,2.75450302506
Bradley,Zimmer,106,24,5,0,2,9,44,7,1,0,4,1,0,0,0,0.226,0.281,0.33,0.611,35,10.6487719298,0.55421686747,0.104,0.198113207547,3.46405833862
Ryan,Zimmerman,288,76,21,2,13,51,55,30,3,1,1,1,0,0,2,0.264,0.337,0.486,0.824,140,50.1146749226,0.81220657277,0.222,0.326388888889,6.29347080423
Ben,Zobrist,455,139,28,3,9,58,60,55,2,1,3,3,0,1,7,0.305,0.378,0.44,0.817,200,81.7577692308,0.805642633229,0.135,0.254945054945,6.75064149612
Mike,Zunino,373,75,18,0,20,44,150,24,6,0,0,0,0,0,2,0.201,0.259,0.41,0.669,153,41.9585185185,0.614093959732,0.209,0.27345844504,3.77626666667
