FIRST,LAST,Age,AB,H,2B,3B,HR,RBI,SO,BB,HBP,IBB,SB,CS,GIDP,SH,SF,BA,OBP,SLG,OPS,TB,RC,TA,ISO,SECA,RC27
Jose,Abreu,29,622,182,32,1,25,99,124,46,14,7,0,0,0,0,9,0.293,0.35,0.468,0.818,291,108.378176556,0.797727272727,0.175,0.249196141479,6.51717320046
Dustin,Ackley,28,61,9,0,0,0,4,9,8,0,0,0,0,0,0,1,0.148,0.243,0.148,0.39,9,2.81714285714,0.326923076923,0.0,0.131147540984,1.43514824798
Cristhian,Adames,24,221,49,7,3,2,17,47,23,4,0,2,2,0,3,0,0.222,0.306,0.308,0.614,68,22.8839840637,0.545977011494,0.086,0.190045248869,3.49077723006
Matt,Adams,27,297,74,18,0,16,53,81,25,2,1,0,1,0,0,2,0.249,0.31,0.471,0.781,140,45.3374233129,0.741071428571,0.222,0.30303030303,5.41641782942
Tim,Adleman,28,21,4,2,0,0,3,11,0,0,0,0,0,0,2,0,0.19,0.19,0.286,0.476,6,1.22434782609,0.352941176471,0.096,0.0952380952381,1.73986270023
Ehire,Adrianza,26,63,16,2,0,2,7,13,2,2,0,0,1,0,4,0,0.254,0.299,0.381,0.679,24,7.25746478873,0.5625,0.127,0.142857142857,3.76829902492
Nick,Ahmed,26,284,62,9,1,4,20,58,15,4,3,5,2,0,2,3,0.218,0.265,0.299,0.564,85,24.2027272727,0.477678571429,0.081,0.144366197183,2.85359666534
Hanser,Alberto,23,53,7,1,0,0,4,17,0,0,0,1,0,0,2,0,0.132,0.132,0.151,0.283,8,1.21672727273,0.195652173913,0.019,0.0377358490566,0.684409090909
Arismendy,Alcantara,24,19,4,1,0,0,2,8,0,0,0,3,3,0,0,0,0.211,0.211,0.263,0.474,5,0.345263157895,0.277777777778,0.052,0.0526315789474,0.517894736842
Jorge,Alfaro,23,16,2,0,0,0,0,8,1,0,1,0,0,0,0,0,0.125,0.176,0.125,0.301,2,0.352941176471,0.214285714286,0.0,0.0625,0.680672268908
Abraham,Almonte,27,182,48,20,1,1,22,42,8,1,1,8,0,0,0,3,0.264,0.294,0.401,0.695,73,23.7402061856,0.671641791045,0.137,0.225274725275,4.6787267665
Albert,Almora,22,111,31,9,1,3,14,20,4,0,0,0,0,0,0,0,0.279,0.304,0.459,0.764,51,15.8382608696,0.6875,0.18,0.216216216216,5.34541304348
Yonder,Alonso,29,479,121,33,0,7,56,74,44,1,1,3,1,0,0,4,0.253,0.314,0.365,0.68,175,59.4,0.618384401114,0.112,0.208768267223,4.41818181818
Aaron,Altherr,25,196,39,6,0,4,22,69,21,6,2,7,2,0,0,0,0.199,0.296,0.291,0.587,57,19.2688789238,0.559748427673,0.092,0.224489795918,3.27207377951
Jose,Altuve,26,636,215,42,5,24,96,69,60,7,11,30,8,0,3,7,0.338,0.397,0.533,0.93,339,143.86345021,0.997668997669,0.195,0.323899371069,8.8480937487
Pedro,Alvarez,29,337,84,20,0,22,49,97,37,0,1,1,0,0,0,2,0.249,0.322,0.504,0.826,170,58.2215957447,0.822134387352,0.255,0.367952522255,6.16463954944
Alexi,Amarista,27,140,36,2,0,0,11,26,8,0,2,9,2,0,1,1,0.257,0.295,0.271,0.567,38,12.6784,0.5,0.014,0.121428571429,3.1696
Chase,Anderson,28,45,4,0,0,0,1,27,1,1,0,0,0,0,5,0,0.089,0.128,0.089,0.217,4,0.821538461538,0.146341463415,0.0,0.0222222222222,0.48220735786
Tim,Anderson,23,405,115,21,6,9,30,114,13,1,0,10,1,0,6,1,0.284,0.307,0.432,0.739,175,56.3320187793,0.680412371134,0.148,0.202469135802,5.10390774175
Tyler,Anderson,26,35,4,0,0,1,3,11,4,0,0,0,0,0,3,0,0.114,0.205,0.2,0.405,7,1.82857142857,0.354838709677,0.086,0.2,1.45210084034
Robert,Andino,32,24,7,0,0,0,1,4,0,0,0,0,0,0,0,0,0.292,0.292,0.292,0.583,7,2.04166666667,0.411764705882,0.0,0.0,3.24264705882
Elvis,Andrus,27,503,153,31,7,8,69,68,47,4,2,24,7,0,4,7,0.304,0.364,0.441,0.805,222,88.1932389381,0.812324929972,0.137,0.264413518887,6.470699596
Nori,Aoki,34,417,118,24,4,4,28,45,34,9,0,7,8,0,5,1,0.283,0.349,0.388,0.738,162,59.0790128755,0.664495114007,0.105,0.184652278177,5.09627267616
Orlando,Arcia,21,196,41,8,2,4,16,47,15,0,0,7,0,0,0,0,0.209,0.265,0.332,0.597,65,19.2523222749,0.561290322581,0.123,0.234693877551,3.35363033175
Oswaldo,Arcia,25,202,41,7,1,8,23,80,18,1,0,1,1,0,0,1,0.203,0.27,0.366,0.637,74,21.2559459459,0.574074074074,0.163,0.252475247525,3.5209235616
Nolan,Arenado,25,614,180,35,6,41,133,103,67,2,10,2,3,0,0,8,0.293,0.36,0.57,0.93,350,131.914384949,0.95652173913,0.277,0.384364820847,8.00379414299
Jake,Arrieta,30,65,17,2,1,2,7,28,4,0,0,0,0,0,1,0,0.262,0.304,0.415,0.72,27,8.568,0.645833333333,0.153,0.215384615385,4.72114285714
Cody,Asche,26,196,42,15,0,4,18,54,18,2,0,3,1,0,0,1,0.214,0.286,0.352,0.638,69,21.442764977,0.587096774194,0.138,0.239795918367,3.71124778447
Alec,Asher,24,11,1,0,0,0,2,6,0,0,0,0,0,0,0,0,0.091,0.091,0.091,0.182,1,0.0909090909091,0.1,0.0,0.0,0.245454545455
Carlos,Asuaje,24,24,5,2,0,0,2,4,1,0,0,0,0,0,0,0,0.208,0.24,0.292,0.532,7,1.7424,0.421052631579,0.084,0.125,2.47604210526
Tyler,Austin,24,82,20,3,0,5,12,35,7,0,0,1,0,0,0,0,0.244,0.303,0.463,0.767,38,12.2379775281,0.741935483871,0.219,0.317073170732,5.32944182675
Alex,Avila,29,166,36,6,0,7,11,76,38,1,0,0,0,0,0,1,0.217,0.364,0.38,0.744,63,26.817961165,0.784615384615,0.163,0.39156626506,5.52736604165
Mike,Aviles,35,167,35,5,1,1,6,27,9,2,0,2,2,0,3,0,0.21,0.258,0.269,0.528,45,12.266519337,0.417910447761,0.059,0.11377245509,2.4174892124
Erick,Aybar,32,415,101,19,2,3,34,70,31,6,6,3,5,0,3,4,0.243,0.303,0.32,0.623,133,42.3803485839,0.526645768025,0.077,0.146987951807,3.51002887044
Javier,Baez,23,419,114,19,1,14,59,107,15,11,3,12,3,0,1,2,0.272,0.313,0.422,0.736,177,58.3412053571,0.688311688312,0.15,0.207637231504,5.06499210496
Homer,Bailey,30,10,1,0,0,0,0,1,1,0,0,0,0,0,0,0,0.1,0.182,0.1,0.282,1,0.229090909091,0.222222222222,0.0,0.1,0.687272727273
Jett,Bandy,26,208,49,9,0,8,25,38,11,4,0,1,0,0,3,4,0.236,0.282,0.394,0.676,82,25.060173913,0.616352201258,0.158,0.216346153846,4.07605238345
Austin,Barnes,26,31,5,1,0,0,2,9,5,0,0,0,0,0,0,0,0.161,0.278,0.194,0.471,6,2.02777777778,0.423076923077,0.033,0.193548387097,2.10576923077
Brandon,Barnes,30,100,22,6,2,0,8,30,3,1,0,1,2,0,5,0,0.22,0.25,0.32,0.57,32,7.96183486239,0.4375,0.1,0.12,2.52905342688
Darwin,Barney,30,279,75,13,2,4,19,48,22,1,1,2,2,0,2,2,0.269,0.322,0.373,0.695,104,35.4007843137,0.616504854369,0.104,0.182795698925,4.55152941176
Tucker,Barnhart,25,374,96,23,1,7,49,71,35,2,8,1,0,0,2,3,0.257,0.321,0.38,0.701,142,48.8071634615,0.647482014388,0.123,0.219251336898,4.65651382849
Jose,Bautista,35,420,98,24,1,22,69,103,86,3,1,2,1,0,0,4,0.233,0.365,0.452,0.817,190,78.3157894737,0.866873065015,0.219,0.42619047619,6.46644133269
Gordon,Beckham,29,245,52,16,1,5,31,52,26,4,1,1,0,0,0,4,0.212,0.294,0.347,0.641,85,27.9622939068,0.60103626943,0.135,0.244897959184,3.83239561159
Tim,Beckham,26,198,49,12,5,5,16,67,14,1,0,2,1,0,2,0,0.247,0.3,0.434,0.735,86,26.9522790698,0.68,0.187,0.262626262626,4.78757588739
Josh,Bell,23,128,35,8,0,3,19,19,21,0,0,0,1,0,0,3,0.273,0.368,0.406,0.775,52,21.3559210526,0.765957446809,0.133,0.2890625,5.94443163321
Brandon,Belt,28,538,147,40,8,17,82,148,103,5,4,0,3,0,0,4,0.273,0.392,0.472,0.864,254,109.763446154,0.91116751269,0.199,0.384758364312,7.44626393506
Carlos,Beltran,39,550,162,33,0,29,93,101,35,2,4,1,0,0,0,4,0.295,0.337,0.513,0.849,282,98.7188155668,0.824742268041,0.218,0.283636363636,6.79951025588
Adrian,Beltre,37,581,174,31,1,32,104,66,48,6,6,1,0,0,0,3,0.299,0.357,0.522,0.879,303,113.48539185,0.879606879607,0.223,0.306368330465,7.47342824375
Andrew,Benintendi,21,103,31,11,1,2,14,24,9,1,0,1,0,0,1,1,0.301,0.36,0.485,0.845,50,19.3092173913,0.847222222222,0.184,0.281553398058,7.04525499412
James,Beresford,27,22,5,1,0,0,0,6,1,0,0,0,0,0,1,0,0.227,0.261,0.273,0.534,6,1.695,0.411764705882,0.046,0.0909090909091,2.5425
Christian,Bethancourt,24,193,44,9,0,6,25,56,10,0,0,1,2,0,0,1,0.228,0.265,0.368,0.633,71,19.0258823529,0.529801324503,0.14,0.186528497409,3.37959752322
Chad,Bettis,27,49,2,0,0,0,2,21,4,0,0,0,0,0,5,0,0.041,0.113,0.041,0.154,2,0.583448275862,0.127659574468,0.0,0.0816326530612,0.302944297082
Mookie,Betts,23,668,214,42,5,31,113,80,49,2,1,26,4,0,0,7,0.32,0.365,0.537,0.902,359,139.904628099,0.943231441048,0.217,0.323353293413,8.12349453479
Charlie,Blackmon,29,573,183,33,5,28,80,101,42,13,4,17,8,0,3,4,0.319,0.377,0.541,0.918,310,121.606614173,0.939698492462,0.222,0.310645724258,8.10710761155
Aaron,Blair,24,21,1,0,0,0,0,9,0,0,0,0,0,0,2,0,0.048,0.048,0.048,0.095,1,0.0886956521739,0.05,0.0,0.0,0.108853754941
Andres,Blanco,32,186,45,14,1,4,21,41,11,7,0,2,3,0,0,1,0.242,0.307,0.392,0.7,73,23.192195122,0.625,0.15,0.204301075269,4.31854667788
Gregor,Blanco,32,241,54,10,4,1,18,51,29,1,4,6,3,0,1,1,0.224,0.309,0.311,0.62,75,25.4927472527,0.568421052632,0.087,0.219917012448,3.58491758242
Jabari,Blash,26,71,12,2,0,3,5,34,11,2,0,1,0,0,0,0,0.169,0.298,0.324,0.622,23,8.00595238095,0.627118644068,0.155,0.323943661972,3.6637409201
Xander,Bogaerts,23,648,190,34,1,21,89,122,58,6,0,13,4,0,0,3,0.293,0.355,0.446,0.801,289,109.776223776,0.78354978355,0.153,0.256172839506,6.37410331604
Emilio,Bonifacio,31,38,8,0,0,0,3,12,3,0,0,1,0,0,2,0,0.211,0.268,0.211,0.479,8,2.64511627907,0.4,0.0,0.105263157895,2.23181686047
Julio,Borbon,30,13,4,0,0,0,0,3,0,0,0,0,1,0,2,0,0.308,0.308,0.308,0.615,4,1.008,0.3,0.0,-0.0769230769231,2.268
Justin,Bour,28,277,73,12,1,15,51,55,36,0,8,0,0,0,0,3,0.264,0.345,0.477,0.821,132,48.5808860759,0.823529411765,0.213,0.342960288809,6.33663731425
Peter,Bourjos,29,355,89,20,7,5,23,91,17,4,2,6,4,0,6,1,0.251,0.292,0.389,0.681,138,41.4313315927,0.596296296296,0.138,0.191549295775,4.03843304333
Michael,Bourn,33,371,99,13,6,5,38,92,28,0,0,15,4,0,8,2,0.267,0.317,0.375,0.691,139,47.9008312958,0.644927536232,0.108,0.212938005391,4.52210645101
Archie,Bradley,23,43,3,0,0,0,4,28,0,0,0,0,0,0,4,1,0.07,0.068,0.07,0.138,3,0.35,0.075,0.0,0.0,0.21
Jackie,Bradley,26,555,149,30,7,26,87,143,63,9,5,9,2,0,0,5,0.268,0.35,0.488,0.838,271,102.465664557,0.857843137255,0.22,0.345945945946,6.69872383302
Michael,Brantley,29,39,9,2,0,0,7,6,3,0,1,1,0,0,0,1,0.231,0.279,0.282,0.561,11,3.50511627907,0.5,0.051,0.153846153846,3.0528432108
Ryan,Braun,32,511,156,23,3,30,91,98,46,4,10,16,4,0,0,3,0.305,0.365,0.538,0.903,275,105.756312057,0.938718662953,0.233,0.34637964775,7.88790172799
Alex,Bregman,22,201,53,13,3,8,34,52,15,0,0,2,0,0,0,1,0.264,0.313,0.478,0.791,96,31.7939170507,0.763513513514,0.214,0.298507462687,5.76131382798
Bryce,Brentz,27,62,17,3,0,1,7,18,3,0,0,0,0,0,0,0,0.274,0.308,0.371,0.679,23,7.31692307692,0.577777777778,0.097,0.145161290323,4.39015384615
Reid,Brignac,30,29,6,2,0,0,1,8,0,0,0,0,0,0,0,0,0.207,0.207,0.276,0.483,8,1.65517241379,0.347826086957,0.069,0.0689655172414,1.94302848576
Socrates,Brito,23,95,17,3,1,4,12,23,2,0,0,2,0,0,0,0,0.179,0.196,0.358,0.554,34,6.96536082474,0.487179487179,0.179,0.221052631579,2.41108643933
Trevor,Brown,24,173,41,7,0,5,19,39,10,1,0,0,1,0,0,0,0.237,0.283,0.364,0.647,63,18.254673913,0.548872180451,0.127,0.179190751445,3.70583605754
Keon,Broxton,26,207,50,10,1,9,19,88,36,0,0,23,4,0,1,0,0.242,0.354,0.43,0.784,89,37.2495081967,0.894409937888,0.188,0.454106280193,6.20825136612
Jay,Bruce,29,537,134,27,6,33,99,125,44,3,7,4,1,0,0,3,0.25,0.308,0.507,0.815,272,87.7124361158,0.79702970297,0.257,0.344506517691,5.81876111825
Kris,Bryant,24,601,175,35,3,39,102,153,74,18,5,8,5,0,0,3,0.291,0.384,0.554,0.938,333,136.021666667,0.993039443155,0.263,0.391014975042,8.46217741935
Madison,Bumgarner,26,86,16,6,0,3,9,43,10,0,0,0,0,0,0,1,0.186,0.268,0.36,0.629,31,9.14556701031,0.585714285714,0.174,0.290697674419,3.47789167998
Billy,Burns,26,310,73,11,4,0,13,36,10,6,2,17,5,0,3,2,0.235,0.271,0.297,0.568,92,27.1743806647,0.495867768595,0.062,0.132258064516,2.97047885808
Emmanuel,Burriss,31,45,5,1,1,0,0,10,2,2,0,1,0,0,1,0,0.111,0.184,0.178,0.361,8,1.8144,0.325,0.067,0.133333333333,1.19484878049
Nick,Buss,29,80,16,7,1,1,8,24,6,0,0,2,1,0,1,2,0.2,0.25,0.35,0.6,28,7.58831460674,0.538461538462,0.15,0.2375,3.01300727032
Drew,Butera,32,120,34,10,1,4,16,36,8,0,0,0,0,0,2,0,0.283,0.328,0.483,0.811,58,19.7464615385,0.767441860465,0.2,0.266666666667,6.05857342657
Billy,Butler,30,249,71,18,0,5,35,42,21,0,1,0,0,0,0,3,0.285,0.337,0.418,0.755,104,37.3257142857,0.702247191011,0.133,0.21686746988,5.56792423047
Eddie,Butler,25,15,1,0,0,0,0,2,0,0,0,0,0,0,4,0,0.067,0.067,0.067,0.133,1,0.162105263158,0.0714285714286,0.0,0.0,0.243157894737
Byron,Buxton,22,294,65,18,6,9,36,117,22,3,0,10,2,0,4,3,0.221,0.28,0.415,0.694,122,37.0733742331,0.670995670996,0.194,0.295918367347,4.20580295922
Marlon,Byrd,38,115,31,6,0,5,19,38,11,0,1,0,0,0,0,3,0.27,0.326,0.452,0.778,52,18.2846511628,0.75,0.182,0.278260869565,5.67454691259
Asdrubal,Cabrera,30,520,146,30,1,23,62,103,38,7,3,5,0,0,0,2,0.281,0.337,0.475,0.812,247,88.1092768959,0.794117647059,0.194,0.276923076923,6.32699594732
Melky,Cabrera,31,588,174,42,5,14,85,69,46,0,2,2,0,0,3,5,0.296,0.344,0.456,0.8,268,97.5401869159,0.763285024155,0.16,0.241496598639,6.24072285955
Miguel,Cabrera,33,591,186,31,1,38,108,115,75,4,15,0,0,0,0,5,0.315,0.393,0.563,0.956,333,138.286814815,1.01728395062,0.248,0.375634517766,9.10669268293
Ramon,Cabrera,26,170,42,10,0,3,23,29,8,1,1,1,1,0,2,3,0.247,0.28,0.359,0.639,61,17.9891304348,0.542635658915,0.112,0.158823529412,3.62467553537
Lorenzo,Cain,30,397,114,19,1,9,56,84,31,2,3,14,5,0,0,4,0.287,0.339,0.408,0.747,162,58.6191705069,0.708333333333,0.121,0.221662468514,5.42026576605
Matt,Cain,31,27,2,1,0,1,5,17,0,0,0,0,0,0,1,0,0.074,0.074,0.222,0.296,6,0.465714285714,0.24,0.148,0.148148148148,0.483626373626
Kole,Calhoun,28,590,160,34,5,18,73,117,67,6,0,2,2,0,0,5,0.271,0.349,0.437,0.786,258,97.040748503,0.766203703704,0.166,0.279661016949,5.9956526535
Eric,Campbell,29,71,13,1,0,1,9,24,10,2,1,1,0,0,0,1,0.183,0.298,0.239,0.537,17,6.22023809524,0.51724137931,0.056,0.211267605634,2.8465496368
Jeimer,Candelario,22,11,1,0,0,0,0,5,2,1,1,0,0,0,0,0,0.091,0.286,0.091,0.377,1,0.434285714286,0.4,0.0,0.181818181818,1.17257142857
Mark,Canha,27,41,5,0,0,3,6,20,0,1,0,0,1,0,1,1,0.122,0.14,0.341,0.481,14,1.73863636364,0.378378378378,0.219,0.19512195122,1.20367132867
Robinson,Cano,33,652,195,33,2,39,103,99,47,8,8,0,1,0,0,5,0.299,0.351,0.535,0.886,349,127.234803371,0.879912663755,0.236,0.306748466258,7.41974015337
Stephen,Cardullo,28,55,12,3,1,2,6,12,3,0,0,0,0,0,0,0,0.218,0.259,0.418,0.677,23,6.15,0.604651162791,0.2,0.254545454545,3.86162790698
Matt,Carpenter,30,471,127,36,6,20,64,107,79,5,6,0,2,0,3,3,0.27,0.378,0.499,0.877,235,96.2666666667,0.916184971098,0.229,0.392781316348,7.38409090909
Ezequiel,Carrera,29,266,67,9,1,6,23,68,27,4,0,7,3,0,7,2,0.252,0.328,0.361,0.689,96,34.8892156863,0.648514851485,0.109,0.225563909774,4.46449679398
Chris,Carter,29,544,121,27,1,41,94,205,76,9,1,3,1,0,0,10,0.222,0.322,0.502,0.824,273,96.7574334898,0.849056603774,0.28,0.422794117647,6.01947166872
Curt,Casali,27,223,40,9,0,8,23,82,23,2,1,0,0,0,3,0,0.179,0.262,0.327,0.589,73,20.9243027888,0.535519125683,0.148,0.251121076233,3.03739879193
Andrew,Cashner,29,34,6,0,0,0,1,13,3,0,0,0,0,0,3,0,0.176,0.243,0.176,0.42,6,1.8765,0.321428571429,0.0,0.0882352941176,1.63437096774
Nicholas,Castellanos,24,409,117,25,4,18,58,110,27,3,1,1,1,0,0,5,0.286,0.331,0.499,0.83,204,70.5863963964,0.798634812287,0.213,0.278728606357,6.39541175404
Welington,Castillo,29,416,110,24,0,14,68,121,33,4,3,2,0,0,0,4,0.264,0.322,0.423,0.745,176,60.4597811816,0.702614379085,0.159,0.242788461538,5.26585190937
Daniel,Castro,23,130,26,1,0,0,7,24,7,0,1,1,1,0,2,0,0.2,0.241,0.208,0.449,27,6.93410071942,0.32380952381,0.008,0.0615384615385,1.74972634976
Jason,Castro,29,329,69,16,3,11,32,123,45,1,0,2,0,0,1,0,0.21,0.307,0.377,0.684,124,42.0606382979,0.661538461538,0.167,0.310030395137,4.35110051357
Starlin,Castro,26,577,156,29,1,21,70,118,24,3,1,4,0,0,1,5,0.27,0.3,0.433,0.734,250,78.588,0.667458432304,0.163,0.21143847487,4.969264637
Darrell,Ceciliani,26,27,3,2,0,0,1,14,1,1,0,0,0,0,0,0,0.111,0.172,0.185,0.358,5,0.951724137931,0.291666666667,0.074,0.111111111111,1.07068965517
Juan,Centeno,26,176,46,12,1,3,25,38,12,1,0,0,0,0,3,0,0.261,0.312,0.392,0.704,69,22.7211458333,0.630769230769,0.131,0.198863636364,4.61256343985
Francisco,Cervelli,30,326,86,14,1,1,33,72,56,6,1,6,1,0,0,5,0.264,0.377,0.322,0.699,105,47.3467175573,0.713692946058,0.058,0.245398773006,5.19659095141
Yoenis,Cespedes,30,479,134,25,1,31,86,108,51,7,8,3,0,0,0,6,0.28,0.354,0.53,0.884,254,96.0636464088,0.913043478261,0.25,0.363256784969,7.38951126222
Jhoulys,Chacin,28,10,3,0,0,0,1,1,0,0,0,0,0,0,0,0,0.3,0.3,0.3,0.6,3,0.9,0.428571428571,0.0,0.0,3.47142857143
Tyler,Chatwood,26,53,10,0,1,0,4,14,2,0,0,0,0,0,3,0,0.189,0.218,0.226,0.445,12,2.91310344828,0.325581395349,0.037,0.0754716981132,1.70986506747
Wei-Yin,Chen,30,44,0,0,0,0,0,18,0,0,0,0,0,0,5,0,0.0,0.0,0.0,0.0,0,0.0,0.0,0.0,0.0,0.0
Robinson,Chirinos,32,144,32,11,0,9,20,43,15,5,0,0,1,0,1,2,0.222,0.313,0.486,0.799,70,23.4416766467,0.787610619469,0.264,0.361111111111,5.45625232294
Lonnie,Chisenhall,27,381,110,25,5,8,57,70,23,3,2,6,0,0,3,4,0.289,0.331,0.444,0.774,169,59.7874396135,0.741697416974,0.155,0.230971128609,5.80669377541
Ji-Man,Choi,25,111,19,4,0,5,12,26,16,0,1,2,4,0,0,1,0.171,0.273,0.342,0.616,38,10.52546875,0.541666666667,0.171,0.297297297297,2.92976965206
Shin-Soo,Choo,33,174,42,7,0,7,17,46,25,7,1,6,1,0,0,0,0.241,0.359,0.402,0.762,70,28.7676699029,0.804511278195,0.161,0.333333333333,5.84005328856
Paul,Clemens,28,20,0,0,0,0,0,10,1,0,0,0,0,0,0,0,0.0,0.048,0.0,0.048,0,0.012380952381,0.05,0.0,0.05,0.0167142857143
Steve,Clevenger,30,68,15,3,0,1,7,14,8,0,0,0,0,0,0,0,0.221,0.303,0.309,0.611,21,6.98473684211,0.547169811321,0.088,0.205882352941,3.55826216485
Jason,Coats,26,50,10,4,0,1,4,12,5,2,0,1,0,0,1,0,0.2,0.298,0.34,0.638,17,5.82103448276,0.625,0.14,0.26,3.83336417157
Chris,Coghlan,31,260,49,12,2,6,30,73,34,3,3,2,0,0,0,1,0.188,0.289,0.319,0.608,83,26.9543624161,0.578199052133,0.131,0.269230769231,3.43286691149
Chris,Colabello,32,29,2,0,0,0,1,9,2,1,0,0,0,0,0,0,0.069,0.156,0.069,0.225,2,0.434375,0.185185185185,0.0,0.0689655172414,0.434375
Gerrit,Cole,25,40,8,1,0,1,3,19,0,1,0,0,0,0,2,0,0.2,0.22,0.3,0.52,12,2.78372093023,0.40625,0.1,0.1,2.21060191518
Tyler,Collins,26,136,32,2,3,4,15,38,13,1,0,1,1,0,0,1,0.235,0.305,0.382,0.687,52,16.8913907285,0.628571428571,0.147,0.242647058824,4.30252405348
Bartolo,Colon,43,60,5,2,0,1,2,40,1,0,0,0,0,0,4,0,0.083,0.098,0.167,0.265,10,1.13907692308,0.2,0.084,0.1,0.521272490222
Christian,Colon,27,147,34,6,0,1,13,31,11,2,0,0,1,0,1,0,0.231,0.294,0.293,0.586,43,13.4,0.482456140351,0.062,0.12925170068,3.14608695652
Michael,Conforto,23,300,66,21,1,12,42,86,36,5,2,2,1,0,0,3,0.22,0.311,0.417,0.728,125,42.4431395349,0.710638297872,0.197,0.32,4.81497801446
Hank,Conger,28,124,24,5,0,3,10,40,12,0,0,0,0,0,1,0,0.194,0.265,0.306,0.571,38,10.9418978102,0.5,0.112,0.209677419355,2.92506179085
Adam,Conley,26,41,5,0,0,0,3,22,1,0,0,0,0,0,4,1,0.122,0.14,0.122,0.261,5,1.00340425532,0.166666666667,0.0,0.0243902439024,0.660778412039
Willson,Contreras,24,248,69,14,1,11,33,65,25,4,0,2,2,0,0,1,0.278,0.353,0.476,0.828,118,43.890647482,0.812154696133,0.198,0.298387096774,6.51124990118
Patrick,Corbin,26,49,15,3,1,0,4,14,1,0,0,0,1,0,3,0,0.306,0.32,0.408,0.728,20,6.17547169811,0.571428571429,0.102,0.102040816327,4.38783515392
Carlos,Correa,21,577,158,36,3,20,96,139,75,5,5,13,3,0,0,3,0.274,0.361,0.451,0.811,260,102.481363636,0.829383886256,0.177,0.324090121317,6.51058074866
Jarred,Cosart,26,16,2,0,0,0,0,5,0,0,0,0,0,0,2,0,0.125,0.125,0.125,0.25,2,0.337777777778,0.142857142857,0.0,0.0,0.57
Kaleb,Cowart,24,85,15,4,0,1,8,24,0,1,0,0,0,0,0,1,0.176,0.184,0.259,0.443,22,4.18942528736,0.328571428571,0.083,0.0823529411765,1.59316172899
Collin,Cowgill,30,12,1,0,0,0,0,7,2,0,0,0,0,0,0,0,0.083,0.214,0.083,0.298,1,0.325714285714,0.272727272727,0.0,0.166666666667,0.799480519481
Zack,Cozart,30,464,117,28,2,16,50,84,37,2,3,4,0,0,1,4,0.252,0.308,0.425,0.732,197,64.8075590551,0.691642651297,0.173,0.260775862069,4.97103435934
Brandon,Crawford,29,549,151,28,11,12,83,112,56,4,10,6,0,0,0,9,0.275,0.341,0.432,0.773,237,88.0190938511,0.761306532663,0.157,0.269581056466,5.83910450609
Carl,Crawford,34,81,15,2,1,0,6,11,4,1,0,0,1,0,0,1,0.185,0.23,0.235,0.464,19,4.54689655172,0.34328358209,0.05,0.0864197530864,1.80538539554
Coco,Crisp,36,445,103,27,4,13,55,78,46,0,2,10,3,0,4,2,0.231,0.302,0.398,0.7,177,57.8007243461,0.666666666667,0.167,0.285393258427,4.44620956508
C.J.,Cron,26,403,113,25,2,16,69,74,24,7,1,2,3,0,0,5,0.28,0.328,0.471,0.799,190,64.6994077449,0.750853242321,0.191,0.248138957816,5.86202687621
Nelson,Cruz,35,589,169,27,1,43,105,159,62,9,5,2,0,0,0,7,0.287,0.36,0.555,0.915,327,125.51964018,0.952380952381,0.268,0.376910016978,7.93683907461
Johnny,Cueto,30,70,8,0,0,0,5,24,2,0,0,0,0,0,11,1,0.114,0.137,0.114,0.251,8,1.75714285714,0.161290322581,0.0,0.0285714285714,0.64111969112
Charlie,Culberson,27,66,20,3,0,1,7,13,1,0,0,1,0,0,0,0,0.303,0.313,0.394,0.707,26,8.39373134328,0.608695652174,0.091,0.121212121212,4.92675535367
Todd,Cunningham,27,27,4,3,0,0,1,6,1,0,0,0,1,0,1,0,0.148,0.179,0.259,0.438,7,1.07310344828,0.291666666667,0.111,0.111111111111,1.15895172414
Cheslor,Cuthbert,23,472,129,28,1,11,45,96,32,0,0,2,0,0,1,2,0.273,0.318,0.407,0.725,192,64.4381065089,0.65889212828,0.134,0.205508474576,5.02840715532
Chase,d'Arnaud,29,233,57,14,2,1,21,50,23,3,1,9,3,0,0,3,0.245,0.317,0.335,0.652,78,27.706870229,0.614525139665,0.09,0.214592274678,4.11035986914
Travis,d'Arnaud,27,251,62,7,0,4,15,50,19,3,1,0,0,0,2,1,0.247,0.307,0.323,0.629,81,26.7886956522,0.544973544974,0.076,0.151394422311,3.76716032609
David,Dahl,22,217,69,12,4,7,24,58,15,0,0,5,0,0,0,0,0.318,0.362,0.507,0.869,110,42.1810344828,0.878378378378,0.189,0.281105990783,7.69518872321
Zach,Davies,23,53,5,0,0,0,1,22,1,0,0,0,0,0,7,0,0.094,0.111,0.094,0.205,5,0.875409836066,0.125,0.0,0.0188679245283,0.429746646796
Chris,Davis,30,562,124,21,0,38,84,217,88,8,3,1,0,0,0,3,0.221,0.333,0.461,0.794,259,94.9428139183,0.812785388128,0.24,0.398576512456,5.81282534194
Ike,Davis,29,14,3,0,0,0,1,5,1,0,0,0,0,0,0,0,0.214,0.267,0.214,0.481,3,0.869333333333,0.363636363636,0.0,0.0714285714286,2.13381818182
Khris,Davis,28,555,137,24,2,42,102,166,42,8,0,1,1,0,0,5,0.247,0.307,0.524,0.831,291,93.6464262295,0.8138424821,0.277,0.353153153153,5.96333374575
Rajai,Davis,35,450,113,23,2,12,48,105,33,5,0,43,6,0,1,2,0.251,0.308,0.391,0.699,176,61.9572301426,0.731778425656,0.14,0.295555555556,4.83481275679
Alejandro,De,32,232,47,9,0,6,24,67,26,5,1,4,3,0,1,1,0.203,0.295,0.319,0.614,74,24.0339622642,0.563829787234,0.116,0.23275862069,3.41535253227
Ivan,De,29,217,55,10,0,1,20,48,17,2,1,3,1,0,2,1,0.253,0.312,0.313,0.626,68,23.1523012552,0.546012269939,0.06,0.147465437788,3.76573574633
Joel,De,27,16,3,0,0,0,1,8,0,0,0,0,0,0,2,0,0.188,0.188,0.188,0.375,3,0.673333333333,0.230769230769,0.0,0.0,1.212
Jorge,De,35,38,7,0,0,0,6,14,2,1,0,0,0,0,1,0,0.184,0.244,0.184,0.428,7,1.97619047619,0.322580645161,0.0,0.0526315789474,1.66741071429
Rubby,De,27,14,1,0,0,0,1,3,0,0,0,0,0,0,3,0,0.071,0.071,0.071,0.143,1,0.150588235294,0.0769230769231,0.0,0.0,0.254117647059
Jaff,Decker,26,48,7,0,0,0,0,13,4,0,0,1,0,0,0,0,0.146,0.212,0.146,0.357,7,1.81076923077,0.292682926829,0.0,0.104166666667,1.19245778612
Jacob,deGrom,28,42,6,1,0,0,2,12,3,0,0,0,0,0,5,0,0.143,0.2,0.167,0.367,7,1.8684,0.277777777778,0.024,0.0952380952381,1.2304097561
Matt,den,28,34,6,1,0,1,4,10,4,1,0,1,0,0,0,0,0.176,0.282,0.294,0.576,10,3.33384615385,0.571428571429,0.118,0.264705882353,3.21478021978
Daniel,Descalso,29,249,66,12,2,8,38,55,34,1,3,3,0,0,0,4,0.265,0.351,0.426,0.776,106,41.3679166667,0.786885245902,0.161,0.309236947791,5.97290775401
Anthony,DeSclafani,26,41,5,1,0,0,1,22,1,0,0,0,0,0,1,0,0.122,0.143,0.146,0.289,6,0.946046511628,0.194444444444,0.024,0.0487804878049,0.690358265242
Delino,DeShields,23,178,38,7,0,4,13,50,15,2,0,8,3,0,3,1,0.213,0.281,0.32,0.601,57,17.68,0.552447552448,0.107,0.219101123596,3.24734693878
Ian,Desmond,30,625,178,29,3,22,86,160,44,5,2,21,5,0,0,3,0.285,0.335,0.446,0.782,279,99.588478582,0.761061946903,0.161,0.2576,5.90964598179
Aledmys,Diaz,25,400,121,28,3,17,65,59,40,7,6,4,4,0,2,6,0.303,0.371,0.515,0.886,206,80.341978022,0.893992932862,0.212,0.3125,7.45441033194
Alex,Dickerson,26,249,64,16,2,10,37,43,26,4,2,5,1,0,0,2,0.257,0.335,0.458,0.792,114,41.3436298932,0.795698924731,0.201,0.321285140562,5.93764897403
Corey,Dickerson,27,505,125,36,3,24,70,132,33,2,6,0,2,0,0,2,0.248,0.295,0.473,0.768,239,72.1727675277,0.712041884817,0.225,0.287128712871,5.07464771679
Derek,Dietrich,26,349,97,20,5,7,42,84,32,24,2,1,0,0,0,5,0.278,0.373,0.424,0.797,148,61.6328780488,0.813492063492,0.146,0.240687679083,6.47504944481
Wilmer,Difo,24,55,15,3,0,1,6,12,7,0,1,2,0,0,0,0,0.273,0.355,0.382,0.737,21,8.37419354839,0.75,0.109,0.272727272727,5.65258064516
Matt,Dominguez,26,11,0,0,0,0,0,3,1,0,0,0,0,0,0,0,0.0,0.083,0.0,0.083,0,0.0216666666667,0.0909090909091,0.0,0.0909090909091,0.0531818181818
Josh,Donaldson,30,573,163,32,5,37,99,119,108,9,6,7,1,0,2,3,0.284,0.404,0.551,0.956,316,140.945179856,1.06812652068,0.267,0.465968586387,9.14788426951
Brian,Dozier,29,615,165,35,5,42,99,138,61,8,6,18,2,0,2,5,0.268,0.34,0.546,0.886,336,122.674616498,0.931415929204,0.278,0.40325203252,7.21615391164
Hunter,Dozier,24,19,4,1,0,0,1,8,2,0,0,0,0,0,0,0,0.211,0.286,0.263,0.549,5,1.57714285714,0.466666666667,0.052,0.157894736842,2.83885714286
Stephen,Drew,33,140,38,11,1,8,21,31,15,1,0,0,1,0,0,4,0.271,0.338,0.536,0.873,75,26.91075,0.873786407767,0.265,0.364285714286,6.79056308411
Brandon,Drury,23,457,127,31,1,15,52,100,31,3,2,1,1,0,0,4,0.278,0.325,0.449,0.774,205,69.7923232323,0.722054380665,0.171,0.238512035011,5.62505291723
Lucas,Duda,30,149,35,7,0,7,23,34,15,2,2,0,0,0,0,2,0.235,0.31,0.423,0.732,63,21.029047619,0.701754385965,0.188,0.288590604027,4.89469211823
Matt,Duffy,25,333,86,14,2,5,28,53,23,4,0,8,3,0,2,4,0.258,0.31,0.357,0.668,119,40.0628415301,0.604,0.099,0.183183183183,4.22537781762
Adam,Duvall,27,549,132,31,6,33,103,163,40,6,1,6,5,0,0,8,0.24,0.295,0.499,0.794,274,84.0556218905,0.760663507109,0.259,0.333333333333,5.27791114196
Jarrod,Dyson,31,296,82,13,8,1,25,39,26,3,2,30,7,0,8,1,0.277,0.34,0.385,0.726,114,43.9976047904,0.751131221719,0.108,0.273648648649,5.16493621453
Adam,Eaton,27,615,175,29,9,14,59,115,62,14,2,14,5,0,7,3,0.285,0.362,0.429,0.791,264,103.776205421,0.784269662921,0.144,0.260162601626,6.15814845354
Zach,Eflin,22,23,6,2,0,0,0,8,0,0,0,0,0,0,0,0,0.261,0.261,0.348,0.609,8,2.08695652174,0.470588235294,0.087,0.0869565217391,3.31457800512
Brett,Eibner,27,184,36,10,1,6,22,49,18,0,1,0,1,0,1,1,0.196,0.266,0.359,0.625,66,18.5655882353,0.557046979866,0.163,0.255434782609,3.31967471757
Jerad,Eickhoff,25,59,8,3,0,0,5,12,1,0,0,0,0,0,0,0,0.136,0.15,0.186,0.336,11,1.689,0.235294117647,0.05,0.0677966101695,0.894176470588
A.J.,Ellis,35,171,37,8,0,2,22,31,19,2,2,2,1,0,3,1,0.216,0.301,0.298,0.599,51,17.1756122449,0.540740740741,0.082,0.198830409357,3.3362700044
Jacoby,Ellsbury,32,547,143,24,5,9,56,84,54,2,1,20,7,0,4,3,0.261,0.328,0.373,0.701,204,73.1299672131,0.664233576642,0.112,0.234003656307,4.72370601616
Jake,Elmore,29,74,16,2,0,0,3,17,16,2,1,2,1,0,2,0,0.216,0.37,0.243,0.613,18,8.60106382979,0.627118644068,0.027,0.256756756757,3.80702825253
Edwin,Encarnacion,33,599,158,34,0,42,127,138,85,5,3,2,0,0,0,8,0.264,0.356,0.531,0.887,318,123.046427547,0.92970521542,0.267,0.412353923205,7.39922838254
Alcides,Escobar,29,634,166,24,6,7,55,95,27,3,2,17,3,0,10,5,0.262,0.293,0.352,0.645,223,70.1849189985,0.566878980892,0.09,0.154574132492,3.89916216658
Eduardo,Escobar,27,349,83,14,2,6,37,72,20,1,1,1,3,0,2,1,0.238,0.28,0.341,0.621,119,34.1937801609,0.513011152416,0.103,0.154727793696,3.39423553067
Yunel,Escobar,33,513,157,28,1,5,38,66,40,3,0,0,1,0,3,3,0.306,0.358,0.394,0.752,202,76.5902135231,0.683473389356,0.088,0.163742690058,5.69679274139
Danny,Espinosa,29,515,107,15,0,23,70,174,52,20,12,9,2,0,7,4,0.208,0.303,0.371,0.674,191,64.22909699,0.658536585366,0.163,0.277669902913,4.1192057452
Andre,Ethier,34,23,4,1,0,1,2,6,2,0,1,0,0,0,0,0,0.174,0.24,0.348,0.588,8,1.9824,0.526315789474,0.174,0.260869565217,2.81709473684
Taylor,Featherston,26,26,3,1,0,0,1,11,2,0,0,2,0,0,0,0,0.115,0.179,0.154,0.332,4,0.992857142857,0.347826086957,0.039,0.192307692308,1.16552795031
Tim,Federowicz,28,29,6,2,0,0,3,10,1,0,0,0,0,0,0,1,0.207,0.226,0.276,0.502,8,1.98258064516,0.391304347826,0.069,0.103448275862,2.23040322581
Jose,Fernandez,23,52,13,2,0,0,6,13,1,0,0,0,0,0,8,0,0.25,0.264,0.288,0.553,15,4.45704918033,0.410256410256,0.038,0.0576923076923,2.56043250785
Prince,Fielder,32,326,69,16,0,8,44,63,32,7,1,0,0,0,0,5,0.212,0.292,0.334,0.626,109,35.459027027,0.575875486381,0.122,0.220858895706,3.65417454095
Cole,Figueroa,29,26,4,0,0,0,3,2,1,0,0,1,0,0,0,0,0.154,0.185,0.154,0.339,4,0.885185185185,0.272727272727,0.0,0.0769230769231,1.08636363636
Brandon,Finnegan,23,53,6,2,0,0,2,18,3,0,0,0,0,0,5,0,0.113,0.161,0.151,0.312,8,1.67901639344,0.234042553191,0.038,0.0943396226415,0.871796973518
Ryan,Flaherty,29,157,34,7,0,3,15,48,17,0,1,2,0,0,1,1,0.217,0.291,0.318,0.61,50,16.2968181818,0.560975609756,0.101,0.222929936306,3.52011272727
Ramon,Flores,24,249,51,8,0,2,19,58,31,2,3,3,0,0,3,4,0.205,0.294,0.261,0.555,65,22.6712802768,0.510101010101,0.056,0.192771084337,2.98597349987
Wilmer,Flores,24,307,82,14,0,16,49,48,23,2,0,1,1,0,0,3,0.267,0.319,0.469,0.788,144,48.2790447761,0.747787610619,0.202,0.276872964169,5.69228912208
Pedro,Florimon,29,20,5,1,1,0,4,9,1,0,0,0,1,0,0,0,0.25,0.286,0.4,0.686,8,1.96666666667,0.5,0.15,0.15,3.31875
Tyler,Flowers,30,278,75,18,0,8,41,90,29,11,1,0,0,0,0,4,0.27,0.357,0.421,0.778,117,46.15,0.773399014778,0.151,0.255395683453,6.01956521739
Mike,Foltynewicz,24,36,5,1,0,0,1,19,1,0,0,0,0,0,5,0,0.139,0.162,0.167,0.329,6,1.26571428571,0.225806451613,0.028,0.0555555555556,0.949285714286
Logan,Forsythe,29,505,133,23,4,20,52,127,46,8,0,6,4,0,0,2,0.263,0.333,0.444,0.777,224,79.0064171123,0.744680851064,0.181,0.275247524752,5.64331550802
Dexter,Fowler,30,454,125,25,7,13,48,124,78,11,0,13,4,0,1,4,0.275,0.391,0.447,0.838,203,90.246350365,0.903903903904,0.172,0.363436123348,7.20902798773
Maikel,Franco,23,577,144,23,1,25,87,106,40,5,7,1,0,0,0,4,0.25,0.302,0.423,0.725,244,77.4356549521,0.66974595843,0.173,0.244367417678,4.78435396729
Jeff,Francoeur,32,306,78,15,1,7,34,89,20,0,2,2,1,0,1,3,0.255,0.298,0.379,0.677,116,36.3896969697,0.598253275109,0.124,0.192810457516,4.21683183769
Nick,Franklin,25,174,47,10,1,6,26,42,12,3,1,6,1,0,2,0,0.27,0.328,0.443,0.771,77,27.0827225131,0.7578125,0.173,0.270114942529,5.62487313733
Adam,Frazier,24,145,43,8,1,2,11,26,12,1,0,4,1,0,0,1,0.297,0.352,0.407,0.759,59,22.4773584906,0.728155339806,0.11,0.213793103448,5.83546806967
Todd,Frazier,30,586,132,21,0,40,98,162,64,4,1,15,4,0,1,7,0.225,0.303,0.466,0.768,273,89.5264048338,0.768558951965,0.241,0.368600682594,5.1871522114
Freddie,Freeman,26,586,178,43,6,34,90,170,89,10,18,6,1,0,0,4,0.304,0.402,0.572,0.974,335,144.713730044,1.07334963325,0.268,0.428327645051,9.46070390115
Mike,Freeman,28,19,3,1,0,0,1,7,2,0,0,0,0,0,0,0,0.158,0.238,0.211,0.449,4,1.07619047619,0.375,0.053,0.157894736842,1.81607142857
David,Freese,33,437,118,23,0,13,55,142,45,10,2,0,0,0,0,0,0.27,0.352,0.412,0.764,180,68.1380894309,0.736677115987,0.142,0.244851258581,5.76717371359
Christian,Friedrich,28,37,2,0,0,0,2,23,3,0,0,0,0,0,3,0,0.054,0.125,0.054,0.179,2,0.504651162791,0.142857142857,0.0,0.0810810810811,0.358567931457
Eric,Fryer,30,112,29,4,1,0,13,23,13,0,0,0,2,0,2,2,0.259,0.331,0.313,0.643,35,12.5457364341,0.541176470588,0.054,0.151785714286,3.80600992945
Rey,Fuentes,25,41,13,1,0,0,5,8,3,0,0,0,2,0,0,0,0.317,0.364,0.341,0.705,14,4.70272727273,0.5,0.024,0.0487804878049,4.23245454545
Joey,Gallo,22,24,1,0,0,1,1,18,4,0,0,1,0,0,0,0,0.042,0.179,0.167,0.345,4,0.992857142857,0.391304347826,0.125,0.333333333333,1.16552795031
Freddy,Galvis,26,583,141,26,3,20,67,136,25,3,6,17,6,0,8,4,0.242,0.275,0.4,0.674,233,66.4035313002,0.607142857143,0.158,0.219554030875,3.89759857631
Ben,Gamel,24,45,8,1,0,1,5,16,6,0,0,0,0,0,3,0,0.178,0.275,0.267,0.541,12,3.92,0.486486486486,0.089,0.222222222222,2.646
Adonis,Garcia,31,528,143,29,0,14,65,92,24,6,4,2,2,0,0,0,0.271,0.31,0.405,0.715,214,67.9709677419,0.630490956072,0.134,0.179924242424,4.74216054014
Avisail,Garcia,25,412,100,17,2,12,51,115,34,4,0,4,3,0,0,2,0.243,0.305,0.381,0.686,157,50.7743362832,0.622222222222,0.138,0.223300970874,4.3246280115
Greg,Garcia,26,213,58,11,0,3,17,50,38,4,4,1,1,0,0,1,0.272,0.391,0.366,0.757,78,34.38703125,0.769230769231,0.094,0.272300469484,5.91369327229
Jaime,Garcia,29,41,7,0,0,0,4,17,2,0,0,0,0,0,7,1,0.171,0.205,0.171,0.375,7,2.06117647059,0.264705882353,0.0,0.0487804878049,1.32504201681
Leury,Garcia,25,48,11,1,1,1,5,13,1,1,0,2,1,0,0,0,0.229,0.26,0.354,0.614,17,4.4544,0.526315789474,0.125,0.166666666667,3.16496842105
Brett,Gardner,32,542,141,22,6,7,41,104,70,8,0,16,4,0,4,5,0.26,0.35,0.362,0.712,196,78.3707472178,0.706172839506,0.102,0.252767527675,5.11113568812
Dustin,Garneau,28,68,16,6,0,1,6,22,6,0,0,0,0,0,0,1,0.235,0.293,0.368,0.661,25,7.94346666667,0.596153846154,0.133,0.220588235294,4.04667169811
Matt,Garza,32,28,1,0,0,0,0,17,2,0,0,0,0,0,3,0,0.036,0.1,0.036,0.136,1,0.28,0.111111111111,0.0,0.0714285714286,0.252
Evan,Gattis,29,447,112,19,0,32,72,127,43,4,6,2,1,0,0,5,0.251,0.319,0.508,0.826,227,76.4036072144,0.818452380952,0.257,0.355704697987,6.04955247739
Scooter,Gennett,26,495,131,30,1,14,56,112,37,2,1,8,1,0,1,2,0.265,0.317,0.414,0.731,205,69.4253258845,0.687671232877,0.149,0.238383838384,5.09370597522
Craig,Gentry,32,34,5,1,0,0,2,6,3,1,0,0,0,0,1,0,0.147,0.237,0.176,0.413,6,1.74461538462,0.344827586207,0.029,0.117647058824,1.57015384615
Johnny,Giavotella,28,346,90,20,1,6,31,39,13,1,0,4,3,0,4,3,0.26,0.287,0.376,0.662,130,38.352479564,0.559845559846,0.116,0.156069364162,3.892920858
Conor,Gillaspie,28,188,49,7,4,6,25,27,11,1,2,1,1,0,0,1,0.261,0.303,0.436,0.74,82,25.5641791045,0.671428571429,0.175,0.234042553191,4.89526833916
Cole,Gillespie,32,51,12,3,2,0,5,14,3,0,0,0,0,0,0,1,0.235,0.273,0.373,0.645,19,5.53636363636,0.564102564103,0.138,0.196078431373,3.73704545455
Chris,Gimenez,33,139,30,4,0,4,11,41,10,1,0,0,0,0,4,1,0.216,0.272,0.331,0.602,46,13.612,0.522935779817,0.115,0.187050359712,3.22389473684
Zack,Godley,26,18,2,0,0,0,0,9,0,0,0,0,0,0,1,0,0.111,0.111,0.111,0.222,2,0.265263157895,0.125,0.0,0.0,0.421300309598
Tyler,Goeddel,23,213,41,3,3,4,16,52,17,2,0,3,0,0,1,1,0.192,0.258,0.291,0.549,62,17.8307692308,0.488372093023,0.099,0.192488262911,2.76684350133
Ryan,Goins,28,183,34,9,2,3,12,48,9,1,0,1,1,0,3,0,0.186,0.228,0.306,0.534,56,13.3124489796,0.44,0.12,0.169398907104,2.34925570228
Paul,Goldschmidt,28,575,171,33,3,24,95,149,110,7,15,32,5,0,0,8,0.297,0.411,0.49,0.902,282,133.139371429,1.04156479218,0.193,0.431304347826,8.6205348407
Yan,Gomes,28,249,41,11,1,8,32,69,9,2,0,0,0,0,0,2,0.165,0.198,0.313,0.512,78,16.2549618321,0.427884615385,0.148,0.184738955823,2.08992366412
Carlos,Gomez,30,409,95,22,1,13,53,135,34,5,2,18,5,0,3,0,0.232,0.299,0.386,0.685,158,51.0679822616,0.658307210031,0.154,0.268948655257,4.2820978915
Adrian,Gonzalez,34,566,161,31,0,18,90,117,55,4,9,0,0,0,0,6,0.284,0.349,0.435,0.783,246,91.3889064976,0.753086419753,0.151,0.247349823322,6.00365079181
Carlos,Gonzalez,30,579,173,42,2,25,100,128,46,1,6,2,1,0,0,1,0.299,0.351,0.508,0.859,294,106.95722488,0.840294840295,0.209,0.290155440415,7.0780516465
Erik,Gonzalez,24,16,5,0,0,0,0,8,1,0,0,0,1,0,0,0,0.313,0.353,0.313,0.665,5,1.54705882353,0.416666666667,0.0,0.0,3.48088235294
Gio,Gonzalez,30,52,7,2,0,0,2,24,0,1,0,0,0,0,5,1,0.135,0.148,0.173,0.321,9,1.6786440678,0.222222222222,0.038,0.0384615384615,0.888693918245
Marwin,Gonzalez,27,480,122,26,3,13,51,118,22,5,1,12,5,0,6,1,0.254,0.293,0.402,0.695,193,58.7318287938,0.625344352617,0.148,0.208333333333,4.28583615522
Brian,Goodwin,25,42,12,4,1,0,5,14,2,0,0,0,0,0,0,0,0.286,0.318,0.429,0.747,18,5.89272727273,0.666666666667,0.143,0.190476190476,5.30345454545
Alex,Gordon,32,442,98,16,2,17,40,148,52,8,3,8,1,0,0,1,0.222,0.314,0.382,0.696,169,58.8359840954,0.684057971014,0.16,0.294117647059,4.59124731381
Dee,Gordon,28,323,85,7,6,1,14,54,18,0,1,29,7,0,0,1,0.263,0.301,0.331,0.632,107,35.6547368421,0.6,0.068,0.191950464396,3.91332477535
Anthony,Gose,25,91,19,2,2,2,7,38,9,1,0,0,1,0,0,0,0.209,0.287,0.341,0.628,31,9.31485148515,0.547945205479,0.132,0.21978021978,3.44521904245
Tuffy,Gosewisch,32,87,13,0,1,3,7,21,7,1,0,0,0,0,0,0,0.149,0.221,0.276,0.497,24,5.76505263158,0.432432432432,0.127,0.206896551724,2.10346514936
Philip,Gosselin,27,219,60,12,1,2,12,46,15,1,0,3,0,0,2,2,0.274,0.321,0.365,0.686,80,27.919665272,0.622641509434,0.091,0.173515981735,4.62472983033
Yasmani,Grandal,27,388,88,14,1,27,71,116,63,2,1,1,0,0,0,1,0.227,0.337,0.477,0.814,185,68.3040528634,0.836666666667,0.25,0.414948453608,6.12694161898
Curtis,Granderson,35,544,129,24,5,30,59,130,73,9,7,4,2,0,0,5,0.237,0.334,0.465,0.799,253,91.8076386688,0.808153477218,0.228,0.365808823529,5.87394844563
Juan,Graterol,27,14,4,2,0,0,3,3,0,0,0,0,0,0,1,0,0.286,0.286,0.429,0.714,6,1.73866666667,0.6,0.143,0.142857142857,4.26763636364
Jon,Gray,24,47,7,2,0,0,4,30,2,0,0,0,0,0,6,0,0.149,0.184,0.191,0.375,9,2.06836363636,0.275,0.042,0.0851063829787,1.21403952569
Grant,Green,28,46,12,2,0,1,7,8,3,0,0,0,0,0,0,1,0.261,0.3,0.37,0.67,17,5.49,0.588235294118,0.109,0.173913043478,4.23514285714
Didi,Gregorius,26,558,153,32,2,20,69,82,19,6,2,7,1,0,5,5,0.274,0.303,0.446,0.749,249,78.7455986509,0.689655172414,0.172,0.216845878136,5.11089222013
Zack,Greinke,32,52,11,1,0,0,3,9,3,0,0,1,0,0,3,2,0.212,0.246,0.231,0.476,12,3.71,0.390243902439,0.019,0.0961538461538,2.17760869565
Randal,Grichuk,24,442,106,28,3,24,66,140,28,3,0,5,3,0,0,1,0.24,0.289,0.48,0.769,212,63.0930801688,0.722713864307,0.24,0.307692307692,5.01033283693
Robbie,Grossman,26,327,92,19,1,11,37,94,55,2,0,2,3,0,0,0,0.281,0.388,0.446,0.835,146,61.5405208333,0.848739495798,0.165,0.330275229358,6.98148765756
Robert,Gsellman,22,15,1,0,0,0,0,9,0,0,0,0,0,0,2,0,0.067,0.067,0.067,0.133,1,0.12,0.0714285714286,0.0,0.0,0.2025
Junior,Guerra,31,35,8,2,0,0,0,13,0,0,0,0,0,0,8,0,0.229,0.229,0.286,0.514,10,2.63441860465,0.37037037037,0.057,0.0571428571429,2.03226578073
Yuli,Gurriel,32,130,34,7,0,3,15,12,5,1,0,1,1,0,0,1,0.262,0.292,0.385,0.677,50,14.9737226277,0.577319587629,0.123,0.161538461538,4.12541337703
Franklin,Gutierrez,33,244,61,9,0,14,39,83,29,3,0,1,0,0,0,3,0.25,0.333,0.459,0.792,112,40.8,0.792349726776,0.209,0.331967213115,5.92258064516
Brandon,Guyer,30,293,78,17,1,9,32,55,19,31,1,3,1,0,1,1,0.266,0.372,0.423,0.795,124,51.2932753623,0.814814814815,0.157,0.22866894198,6.3528368568
Jedd,Gyorko,27,397,96,9,1,30,58,96,36,0,1,0,0,0,0,1,0.242,0.304,0.496,0.8,197,62.8429493088,0.774086378738,0.254,0.345088161209,5.61840937529
Billy,Hamilton,25,411,107,19,3,3,17,93,36,1,0,58,8,0,11,1,0.26,0.321,0.343,0.664,141,55.2928695652,0.730769230769,0.083,0.29197080292,4.60773913043
Jason,Hammel,33,65,16,3,0,0,7,24,1,0,0,0,0,0,3,0,0.246,0.258,0.292,0.55,19,5.12956521739,0.408163265306,0.046,0.0615384615385,2.66342809365
Ryan,Hanigan,35,105,18,4,0,1,14,27,7,1,0,0,0,0,0,0,0.171,0.23,0.238,0.468,25,6.23079646018,0.379310344828,0.067,0.133333333333,1.93369545316
Mitch,Haniger,25,106,24,2,1,5,17,27,12,0,2,0,0,0,0,1,0.226,0.303,0.406,0.708,43,13.9522689076,0.670731707317,0.18,0.292452830189,4.53868988559
Alen,Hanson,23,27,7,1,0,0,1,5,2,0,1,2,1,0,0,0,0.259,0.31,0.296,0.607,8,2.56551724138,0.52380952381,0.037,0.148148148148,3.29852216749
J.J.,Hardy,33,403,109,29,0,9,47,66,26,0,1,0,0,0,1,5,0.27,0.311,0.409,0.72,165,54.1924137931,0.649659863946,0.139,0.203473945409,4.87731724138
Bryce,Harper,23,502,122,23,2,24,86,115,107,3,20,21,9,0,0,10,0.243,0.373,0.44,0.813,221,93.4018649518,0.881748071979,0.197,0.434262948207,6.32042695162
Josh,Harrison,28,487,138,25,7,4,59,76,18,5,0,19,3,0,4,8,0.283,0.311,0.388,0.699,189,63.8961685824,0.647727272727,0.105,0.17453798768,4.73955096628
Matt,Harvey,27,22,3,1,0,0,0,8,0,0,0,0,0,0,3,0,0.136,0.136,0.182,0.318,4,0.6672,0.210526315789,0.046,0.0454545454545,0.818836363636
Jeremy,Hazelbaker,28,200,47,7,3,12,28,64,18,0,2,5,2,0,4,2,0.235,0.295,0.48,0.775,96,29.77875,0.754838709677,0.245,0.35,4.99395186335
Chase,Headley,32,467,118,18,1,14,51,118,51,6,3,8,2,0,0,5,0.253,0.331,0.385,0.716,180,65.6680529301,0.692307692308,0.132,0.254817987152,4.98044221661
Ryon,Healy,24,265,82,20,0,13,37,56,12,1,1,0,0,0,1,0,0.309,0.342,0.532,0.874,141,49.2501792115,0.841530054645,0.223,0.267924528302,7.22692847125
Adeiny,Hechavarria,27,504,120,17,6,3,38,73,33,1,7,1,0,0,2,3,0.238,0.285,0.313,0.598,158,47.6861141805,0.502604166667,0.075,0.142857142857,3.30983311793
Austin,Hedges,23,20,2,0,0,0,1,6,0,1,0,0,1,0,0,1,0.1,0.136,0.1,0.236,2,0.252727272727,0.105263157895,0.0,-0.05,0.341181818182
Chris,Heisey,31,137,30,3,1,9,17,44,13,2,0,0,1,0,0,1,0.219,0.294,0.453,0.747,62,19.1011764706,0.703703703704,0.234,0.321167883212,4.73148407987
Jeremy,Hellickson,29,54,9,1,0,0,4,24,4,0,0,0,0,0,8,0,0.167,0.224,0.185,0.409,10,2.99393939394,0.311111111111,0.018,0.0925925925926,1.52521440823
Kyle,Hendricks,26,56,8,0,0,0,2,29,1,1,0,0,0,0,8,0,0.143,0.172,0.143,0.315,8,1.92121212121,0.208333333333,0.0,0.0178571428571,0.926298701299
Guillermo,Heredia,25,88,21,2,0,1,10,15,12,2,0,1,1,0,1,0,0.239,0.343,0.295,0.639,26,10.1273786408,0.588235294118,0.056,0.193181818182,3.96288729422
Cesar,Hernandez,26,543,159,14,11,6,38,115,66,2,4,17,12,0,5,2,0.293,0.37,0.392,0.763,213,84.2326860841,0.722222222222,0.099,0.230202578269,5.64338095353
Enrique,Hernandez,24,214,41,8,0,7,18,64,28,0,1,2,0,0,0,0,0.192,0.285,0.327,0.612,70,22.2567768595,0.578034682081,0.135,0.275700934579,3.47360101275
Gorkys,Hernandez,28,54,14,5,0,2,4,11,3,0,0,0,1,0,0,0,0.259,0.298,0.463,0.761,25,7.23649122807,0.658536585366,0.204,0.240740740741,4.76549422336
Marco,Hernandez,23,51,15,1,0,1,5,10,5,0,0,1,0,0,0,0,0.294,0.357,0.373,0.73,19,7.43571428571,0.694444444444,0.079,0.196078431373,5.57678571429
Oscar,Hernandez,22,11,2,0,0,1,1,0,0,0,0,0,0,0,0,0,0.182,0.182,0.455,0.636,5,0.909090909091,0.555555555556,0.273,0.272727272727,2.72727272727
Teoscar,Hernandez,23,98,22,7,0,4,10,27,11,0,1,0,2,0,0,0,0.224,0.303,0.418,0.721,41,12.4,0.641025641026,0.194,0.285714285714,4.29230769231
Odubel,Herrera,24,579,166,21,6,15,49,134,63,6,7,25,5,0,2,2,0.287,0.362,0.421,0.783,244,97.0797546012,0.796650717703,0.134,0.278065630397,6.21126391998
Chris,Herrmann,28,148,42,5,4,6,28,44,16,0,1,4,0,0,1,1,0.284,0.352,0.493,0.845,73,27.9587951807,0.877358490566,0.209,0.344594594595,6.98969879518
Jason,Heyward,26,529,121,26,1,7,49,93,53,5,0,11,4,0,1,2,0.229,0.304,0.321,0.625,170,57.0559322034,0.570388349515,0.092,0.206049149338,3.71207269757
Aaron,Hicks,26,323,71,13,1,8,31,68,30,0,1,3,4,0,1,3,0.22,0.284,0.341,0.624,110,32.9256582633,0.54296875,0.121,0.210526315789,3.4192029735
Aaron,Hill,34,378,99,14,0,10,38,59,41,3,2,4,1,0,0,4,0.262,0.336,0.378,0.714,143,52.6933333333,0.678571428571,0.116,0.232804232804,5.00957746479
Rich,Hill,36,12,0,0,0,0,0,8,0,0,0,0,0,0,0,0,0.0,0.0,0.0,0.0,0,0.0,0.0,0.0,0.0,0.0
Bryan,Holaday,28,117,27,7,1,2,14,28,7,2,0,0,1,0,1,2,0.231,0.281,0.359,0.64,42,12.4534883721,0.549450549451,0.128,0.179487179487,3.57706580901
Matt,Holliday,36,382,94,20,1,20,62,71,35,8,1,0,0,0,0,1,0.246,0.322,0.461,0.782,176,60.28,0.760416666667,0.215,0.306282722513,5.63169550173
Brock,Holt,28,286,74,16,0,7,34,56,27,3,0,4,3,0,1,3,0.259,0.326,0.388,0.714,111,38.80925,0.660465116279,0.129,0.227272727273,4.78470205479
Tyler,Holt,27,179,42,5,3,0,13,48,23,2,0,4,3,0,3,1,0.235,0.327,0.296,0.623,53,19.5876923077,0.564285714286,0.061,0.195530726257,3.67269230769
Destin,Hood,26,21,4,1,0,0,0,9,0,0,0,0,0,0,0,0,0.19,0.19,0.238,0.429,5,0.952380952381,0.294117647059,0.048,0.047619047619,1.51260504202
Eric,Hosmer,26,605,161,24,1,25,104,132,57,1,5,5,2,0,0,4,0.266,0.328,0.433,0.761,262,91.244107946,0.724215246637,0.167,0.266115702479,5.47464647676
Ryan,Howard,36,327,65,10,0,25,59,113,27,1,2,0,1,0,0,3,0.199,0.26,0.459,0.718,150,40.6855865922,0.673003802281,0.26,0.339449541284,4.12973999244
Jared,Hoying,27,45,9,2,0,0,5,8,3,0,0,1,0,0,0,0,0.2,0.25,0.244,0.494,11,3.075,0.416666666667,0.044,0.133333333333,2.30625
Nick,Hundley,32,289,75,20,1,10,48,65,25,1,3,0,0,0,1,1,0.26,0.32,0.439,0.759,127,42.7003785489,0.714953271028,0.179,0.266435986159,5.33754731861
Cedric,Hunter,28,34,3,0,0,1,1,6,2,0,0,0,0,0,0,0,0.088,0.139,0.176,0.315,6,0.905555555556,0.258064516129,0.088,0.147058823529,0.788709677419
Chris,Iannetta,33,293,62,14,0,7,24,81,37,2,0,0,0,0,1,2,0.212,0.302,0.331,0.633,97,32.772238806,0.588744588745,0.119,0.245733788396,3.78141216992
Jose,Iglesias,26,464,117,25,0,4,32,50,28,8,1,7,4,0,7,3,0.252,0.304,0.332,0.636,154,50.2334509804,0.549857549858,0.08,0.146551724138,3.757072511
Raisel,Iglesias,26,11,1,0,0,0,0,2,0,0,0,0,0,0,0,0,0.091,0.091,0.091,0.182,1,0.0909090909091,0.1,0.0,0.0,0.245454545455
Ender,Inciarte,25,518,151,24,7,3,29,66,45,4,5,16,5,0,5,2,0.292,0.351,0.382,0.734,198,75.2142857143,0.693548387097,0.09,0.198841698842,5.35827365247
Omar,Infante,34,134,32,9,1,0,11,23,9,0,0,0,0,0,2,4,0.239,0.279,0.321,0.6,43,13.3346308725,0.509803921569,0.082,0.149253731343,3.33365771812
Hernan,Iribarren,32,44,14,0,3,0,2,11,0,0,0,1,0,0,0,0,0.318,0.318,0.455,0.773,20,6.52909090909,0.7,0.137,0.159090909091,5.87618181818
Austin,Jackson,29,181,46,12,2,0,18,39,17,1,0,2,1,0,2,2,0.254,0.318,0.343,0.661,62,21.6620689655,0.595588235294,0.089,0.187845303867,4.17768472906
Edwin,Jackson,32,23,5,1,0,0,2,11,3,0,0,1,0,0,1,0,0.217,0.308,0.261,0.569,6,2.31703703704,0.555555555556,0.044,0.217391304348,3.29263157895
Paul,Janish,33,31,6,1,0,0,0,3,3,1,0,0,0,0,0,0,0.194,0.286,0.226,0.512,7,2.29714285714,0.44,0.032,0.129032258065,2.48091428571
Travis,Jankowski,25,335,82,13,2,2,12,100,42,2,0,30,11,0,3,0,0.245,0.332,0.313,0.646,105,40.219895288,0.636363636364,0.068,0.250746268657,4.06718042238
John,Jaso,32,377,100,25,3,7,40,74,43,5,0,0,1,0,1,1,0.265,0.347,0.403,0.751,152,56.982295082,0.715827338129,0.138,0.249336870027,5.49472131148
Jon,Jay,31,348,101,26,1,2,26,78,19,6,0,2,0,0,1,0,0.29,0.338,0.388,0.726,135,48.196684492,0.655870445344,0.098,0.158045977011,5.24721968259
Tyrell,Jenkins,23,13,0,0,0,0,0,4,0,0,0,0,0,0,4,0,0.0,0.0,0.0,0.0,0,0.0,0.0,0.0,0.0,0.0
Desmond,Jennings,29,200,40,7,1,7,20,58,21,2,0,2,0,0,1,1,0.2,0.281,0.35,0.631,70,21.8568,0.59375,0.15,0.265,3.6428
Kyle,Jensen,28,30,5,0,1,2,7,13,2,1,0,0,0,0,0,0,0.167,0.242,0.433,0.676,13,3.34060606061,0.64,0.266,0.333333333333,3.60785454545
Chris,Johnson,31,242,54,11,0,5,24,78,19,1,2,0,0,0,1,0,0.223,0.282,0.331,0.613,80,23.9726235741,0.531914893617,0.108,0.185950413223,3.42466051059
Kelly,Johnson,34,301,73,13,0,10,34,65,25,2,2,3,0,0,0,2,0.243,0.303,0.385,0.688,116,37.9090909091,0.640350877193,0.142,0.235880398671,4.45019762846
Adam,Jones,30,615,164,19,0,29,83,114,39,5,2,2,0,0,1,8,0.267,0.312,0.439,0.751,270,89.2531736527,0.70066518847,0.172,0.239024390244,5.23877323614
JaCoby,Jones,24,28,6,3,0,0,2,12,0,0,0,0,0,0,0,0,0.214,0.214,0.321,0.536,9,1.92857142857,0.409090909091,0.107,0.107142857143,2.36688311688
Caleb,Joseph,30,132,23,3,0,0,0,28,7,0,0,0,0,0,2,0,0.174,0.216,0.197,0.413,26,6.14042553191,0.302752293578,0.023,0.0757575757576,1.49361702128
Tommy,Joseph,24,315,81,15,0,21,47,75,22,4,0,1,1,0,0,6,0.257,0.308,0.505,0.813,159,51.7475504323,0.787234042553,0.248,0.31746031746,5.79744340943
Matthew,Joyce,31,228,55,10,1,13,42,67,58,3,4,1,0,0,0,0,0.241,0.401,0.465,0.866,106,48.7039446367,0.971098265896,0.224,0.482456140351,7.60119367162
Aaron,Judge,24,84,15,2,0,4,10,42,9,1,0,0,1,0,0,1,0.179,0.263,0.345,0.608,29,8.11452631579,0.542857142857,0.166,0.261904761905,3.08580578206
Jung,Ho,29,314,81,19,0,21,62,78,36,14,1,3,0,0,0,2,0.258,0.358,0.519,0.877,163,63.8320765027,0.927038626609,0.261,0.385350318471,7.33389815138
Munenori,Kawasaki,35,20,6,2,0,0,1,5,3,1,0,2,0,0,0,0,0.3,0.417,0.4,0.817,8,4.2,1.0,0.1,0.35,8.1
Scott,Kazmir,32,43,5,0,0,0,2,24,1,0,0,0,0,0,6,0,0.116,0.136,0.116,0.253,5,1.0056,0.157894736842,0.0,0.0232558139535,0.617072727273
Carson,Kelly,21,13,2,1,0,0,1,2,0,1,0,0,0,0,0,0,0.154,0.214,0.231,0.445,3,0.698571428571,0.363636363636,0.077,0.0769230769231,1.71467532468
Don,Kelly,36,27,4,0,2,0,3,5,2,0,0,0,0,0,0,1,0.148,0.2,0.296,0.496,8,1.808,0.434782608696,0.148,0.222222222222,2.034
Ty,Kelly,27,57,14,1,1,1,7,9,11,0,0,0,0,0,0,2,0.246,0.357,0.351,0.708,20,8.53571428571,0.720930232558,0.105,0.298245614035,5.12142857143
Matt,Kemp,31,620,167,39,0,35,108,155,36,1,6,1,0,0,0,12,0.269,0.305,0.502,0.807,311,99.3531838565,0.770419426049,0.233,0.291935483871,5.76889454651
Tony,Kemp,24,117,25,4,3,1,7,27,13,0,0,2,1,0,1,1,0.214,0.29,0.325,0.615,38,12.181969697,0.559139784946,0.111,0.230769230769,3.46224401914
Howie,Kendrick,32,486,124,26,2,8,40,96,49,3,2,10,2,0,0,3,0.255,0.325,0.366,0.692,178,63.6048798521,0.653846153846,0.111,0.228395061728,4.67937808176
Max,Kepler,23,393,91,19,2,17,63,92,42,2,3,6,1,0,1,5,0.232,0.305,0.42,0.725,165,55.0216704289,0.706270627063,0.188,0.307888040712,4.80771877534
Clayton,Kershaw,28,46,8,1,0,0,3,12,1,0,0,0,0,0,3,0,0.174,0.191,0.196,0.387,9,1.9476,0.263157894737,0.022,0.0434782608696,1.28256585366
Kevin,Kiermaier,26,366,90,20,2,12,37,74,40,7,1,21,3,0,0,1,0.246,0.331,0.41,0.741,150,56.1246376812,0.770609318996,0.164,0.322404371585,5.41201863354
Hyun,Soo,28,303,92,16,1,6,22,51,35,4,0,1,2,0,0,1,0.304,0.382,0.422,0.804,128,52.344664723,0.779342723005,0.118,0.23102310231,6.60423339963
Ian,Kinsler,34,614,178,29,4,28,83,114,45,13,0,14,5,0,0,3,0.29,0.35,0.487,0.837,299,110.5104,0.829931972789,0.197,0.285016286645,6.72022702703
Jason,Kipnis,29,607,166,39,4,23,82,146,60,5,0,15,3,0,5,7,0.273,0.34,0.465,0.805,282,104.313333333,0.808558558559,0.192,0.309719934102,6.17644736842
Patrick,Kivlehan,26,20,4,0,0,1,2,11,2,1,0,0,0,0,0,0,0.2,0.304,0.35,0.654,7,2.36782608696,0.625,0.15,0.25,3.99570652174
Tom,Koehler,30,50,5,0,0,0,4,27,1,0,0,0,0,0,4,0,0.1,0.118,0.1,0.218,5,0.800727272727,0.133333333333,0.0,0.02,0.441217068646
Erik,Kratz,36,85,8,2,0,1,4,32,1,0,0,0,0,0,1,0,0.094,0.105,0.153,0.258,13,1.42551724138,0.181818181818,0.059,0.0705882352941,0.493448275862
Chad,Kuhl,23,23,2,0,0,0,0,9,1,0,0,0,0,0,2,0,0.087,0.125,0.087,0.212,2,0.380769230769,0.142857142857,0.0,0.0434782608696,0.446989966555
Tommy,La,27,146,40,12,1,2,11,27,18,2,1,0,1,0,0,0,0.274,0.361,0.411,0.772,60,23.0810843373,0.738317757009,0.137,0.253424657534,5.82419885148
John,Lackey,37,63,6,2,0,0,2,31,2,0,0,0,0,0,4,0,0.095,0.123,0.127,0.25,8,1.22898550725,0.175438596491,0.032,0.0634920634921,0.543977191732
Tyler,Ladendorf,28,48,4,0,0,0,1,13,1,0,0,2,0,0,1,0,0.083,0.102,0.083,0.185,4,0.582,0.159090909091,0.0,0.0625,0.3492
Juan,Lagares,27,141,34,7,2,3,9,26,10,2,1,4,1,0,4,1,0.241,0.299,0.383,0.682,54,17.5272151899,0.638888888889,0.142,0.234042553191,4.18791867369
Junior,Lake,26,35,7,3,0,1,2,11,4,0,0,1,0,0,0,0,0.2,0.282,0.371,0.653,13,4.10666666667,0.642857142857,0.171,0.314285714286,3.96
Blake,Lalli,33,13,2,1,0,0,1,3,0,0,0,0,0,0,0,0,0.154,0.154,0.231,0.385,3,0.461538461538,0.272727272727,0.077,0.0769230769231,1.13286713287
Jake,Lamb,25,520,130,31,9,29,91,153,63,3,5,6,1,0,0,4,0.25,0.332,0.512,0.844,266,94.8757627119,0.86189258312,0.262,0.392307692308,6.48517871701
John,Lamb,25,20,1,0,0,0,0,12,1,0,0,0,0,0,1,0,0.05,0.095,0.05,0.145,1,0.161818181818,0.105263157895,0.0,0.05,0.218454545455
Brett,Lawrie,26,351,87,22,0,12,36,109,30,2,2,7,3,0,0,1,0.248,0.31,0.413,0.723,145,47.415,0.677902621723,0.165,0.262108262108,4.77688432836
Mike,Leake,28,49,7,1,0,0,4,19,3,0,0,0,0,0,3,0,0.143,0.192,0.163,0.356,8,1.88,0.261904761905,0.02,0.0816326530612,1.128
Dae-ho,Lee,34,289,73,9,0,14,49,73,20,5,2,0,0,0,0,0,0.253,0.312,0.429,0.741,124,40.5670063694,0.689814814815,0.176,0.245674740484,5.07087579618
DJ,LeMahieu,27,552,192,32,8,11,66,80,66,3,2,11,6,0,8,6,0.348,0.416,0.495,0.911,273,121.845826772,0.948087431694,0.147,0.275362318841,8.65746663904
Sandy,Leon,27,251,78,17,2,7,35,65,22,2,1,0,0,0,4,2,0.311,0.368,0.478,0.846,120,46.8619217082,0.832369942197,0.167,0.254980079681,7.06855802302
Jon,Lester,32,59,6,3,0,0,6,18,6,0,0,0,0,0,10,0,0.102,0.185,0.153,0.337,9,2.5216,0.283018867925,0.051,0.152542372881,1.08068571429
Adam,Lind,32,401,96,17,0,20,58,89,26,1,3,0,0,0,0,2,0.239,0.286,0.431,0.717,173,51.5684651163,0.655737704918,0.192,0.256857855362,4.53533732293
Francisco,Lindor,22,601,182,30,3,15,77,88,57,5,3,19,5,0,3,14,0.303,0.36,0.438,0.798,263,104.407852941,0.799528301887,0.135,0.252911813644,6.39231752701
Francisco,Liriano,32,42,12,1,0,1,5,16,0,0,0,0,0,0,0,0,0.286,0.286,0.381,0.667,16,4.57142857143,0.533333333333,0.095,0.0952380952381,4.11428571429
Jose,Lobaton,31,99,23,3,1,3,7,18,12,1,1,0,0,0,0,0,0.232,0.321,0.374,0.695,37,12.8957142857,0.657894736842,0.142,0.262626262626,4.58137218045
Jeff,Locke,28,32,4,0,0,0,0,17,1,0,0,0,0,0,6,0,0.125,0.152,0.125,0.277,4,0.946153846154,0.178571428571,0.0,0.03125,0.751357466063
James,Loney,32,342,91,16,1,9,34,37,16,5,3,0,0,0,1,1,0.266,0.308,0.398,0.705,136,43.4866849315,0.625498007968,0.132,0.178362573099,4.64087151443
Evan,Longoria,30,628,172,40,4,36,98,143,42,3,6,0,3,0,0,7,0.274,0.319,0.522,0.841,328,107.560176471,0.806100217865,0.248,0.31050955414,6.23202739207
Reynaldo,Lopez,22,12,1,0,0,0,0,7,0,0,0,0,0,0,2,0,0.083,0.083,0.083,0.167,1,0.145714285714,0.0909090909091,0.0,0.0,0.302637362637
David,Lough,30,67,16,3,1,0,4,8,9,2,1,1,2,0,0,1,0.239,0.342,0.313,0.655,21,7.79746835443,0.584905660377,0.074,0.194029850746,3.89873417722
Jed,Lowrie,32,338,89,12,1,2,27,65,26,1,0,0,0,0,0,4,0.263,0.314,0.322,0.637,109,37.1262872629,0.546184738956,0.059,0.136094674556,3.96209389762
Jonathan,Lucroy,30,488,141,24,3,23,80,100,47,3,5,5,0,0,0,4,0.289,0.352,0.492,0.844,240,90.3479335793,0.850144092219,0.203,0.309426229508,6.94984104456
Seth,Lugo,26,16,3,1,0,0,1,2,1,0,0,0,0,0,0,1,0.188,0.222,0.25,0.472,4,1.06222222222,0.384615384615,0.062,0.125,2.04857142857
Dixon,Machado,24,10,1,0,0,0,0,4,3,0,0,0,0,0,0,0,0.1,0.308,0.1,0.408,1,0.547692307692,0.444444444444,0.0,0.3,1.64307692308
Manny,Machado,23,636,187,40,1,37,96,119,48,3,9,0,3,0,0,5,0.294,0.344,0.535,0.879,340,120.053757225,0.858407079646,0.241,0.311320754717,7.09289156474
Kenta,Maeda,28,56,7,1,0,1,4,16,1,0,0,0,0,0,8,0,0.125,0.14,0.196,0.337,11,1.89784615385,0.244897959184,0.071,0.0892857142857,0.898979757085
Mikie,Mahtook,26,180,36,9,0,3,11,67,7,2,0,0,0,0,1,1,0.2,0.237,0.3,0.537,54,13.5188481675,0.4375,0.1,0.138888888889,2.50006096249
Luke,Maile,25,114,26,7,0,3,14,35,4,0,1,0,0,0,3,0,0.228,0.254,0.368,0.623,42,10.9933884298,0.522727272727,0.14,0.175438596491,3.26177458905
Martin,Maldonado,29,208,42,7,0,8,21,56,35,6,9,1,0,0,3,1,0.202,0.332,0.351,0.683,73,27.5310671937,0.692771084337,0.149,0.322115384615,4.37258126017
Trey,Mancini,24,14,5,1,0,3,5,4,0,1,0,0,0,0,0,0,0.357,0.4,1.071,1.471,15,6.104,1.77777777778,0.714,0.714285714286,18.312
Manuel,Margot,21,33,9,4,1,0,3,6,0,0,0,2,0,0,0,0,0.273,0.273,0.455,0.727,15,4.37454545455,0.708333333333,0.182,0.242424242424,4.92136363636
Jake,Marisnick,25,284,60,18,1,5,21,82,16,3,0,10,5,0,4,1,0.211,0.26,0.335,0.594,95,25.8855844156,0.519650655022,0.124,0.197183098592,2.9867982018
Nick,Markakis,32,597,161,38,0,13,89,101,70,5,8,0,0,0,0,9,0.27,0.347,0.399,0.745,238,90.1374449339,0.717889908257,0.129,0.246231155779,5.46901351284
Deven,Marrero,25,12,1,0,0,0,0,5,2,0,0,0,0,0,0,0,0.083,0.214,0.083,0.298,1,0.325714285714,0.272727272727,0.0,0.166666666667,0.799480519481
Jefry,Marte,25,255,64,14,0,14,43,58,17,5,0,2,1,0,0,3,0.251,0.307,0.471,0.778,120,38.9542857143,0.744791666667,0.22,0.290196078431,5.39367032967
Ketel,Marte,22,437,113,21,2,1,33,84,18,2,0,11,5,0,3,6,0.259,0.287,0.323,0.61,141,43.0145922747,0.507598784195,0.064,0.118993135011,3.43607689768
Starling,Marte,27,489,152,34,5,9,46,104,23,16,5,47,11,0,1,0,0.311,0.362,0.456,0.818,223,87.3799621928,0.85632183908,0.145,0.265848670757,6.76005438168
Leonys,Martin,28,518,128,17,3,15,47,149,44,3,0,24,6,0,4,7,0.247,0.306,0.378,0.684,196,66.4322569444,0.659090909091,0.131,0.250965250965,4.40705390049
Russell,Martin,33,451,103,16,0,20,74,147,64,10,1,2,1,0,1,5,0.228,0.334,0.397,0.731,179,66.9993220339,0.727793696275,0.169,0.312638580931,5.09572308427
Carlos,Martinez,24,59,14,1,0,0,6,13,0,1,0,0,0,0,4,1,0.237,0.246,0.254,0.5,15,4.12153846154,0.355555555556,0.017,0.0169491525424,2.22563076923
J.D.,Martinez,28,456,140,35,2,22,68,125,49,3,2,1,1,0,0,5,0.307,0.374,0.537,0.912,245,97.2201169591,0.93690851735,0.23,0.337719298246,8.15199738477
Jose,Martinez,27,15,6,1,0,0,1,1,2,0,0,0,0,0,0,0,0.4,0.471,0.467,0.937,7,3.53882352941,1.0,0.067,0.2,10.6164705882
Michael,Martinez,33,101,24,4,0,1,4,23,4,0,0,0,0,0,1,0,0.238,0.267,0.307,0.574,31,8.60075471698,0.454545454545,0.069,0.108910891089,2.97718432511
Victor,Martinez,37,552,160,22,0,27,86,89,50,4,8,0,0,0,0,3,0.29,0.351,0.476,0.828,263,97.1679474548,0.808673469388,0.186,0.277173913043,6.64185969945
Jeff,Mathis,33,126,30,4,1,2,15,36,4,1,0,0,0,0,1,0,0.238,0.267,0.333,0.601,42,11.6189393939,0.489583333333,0.095,0.126984126984,3.23413776945
Steven,Matz,25,36,5,1,1,0,2,11,4,0,0,0,0,0,4,1,0.139,0.22,0.222,0.442,8,2.328,0.387096774194,0.083,0.194444444444,1.746
Joe,Mauer,33,494,129,22,4,11,49,93,79,1,10,2,0,0,0,2,0.261,0.363,0.389,0.752,192,77.0252083333,0.750684931507,0.128,0.291497975709,5.66670470027
Bruce,Maxwell,25,88,26,6,1,1,14,22,8,0,0,0,0,0,0,1,0.295,0.351,0.42,0.771,37,13.8804123711,0.725806451613,0.125,0.215909090909,5.94874815906
Cameron,Maybin,29,345,110,14,5,4,43,67,36,3,0,15,6,0,2,1,0.319,0.387,0.423,0.81,146,61.15374677,0.804979253112,0.104,0.234782608696,6.76701296226
Nomar,Mazara,21,512,137,13,3,20,64,109,38,6,1,0,1,0,0,7,0.268,0.321,0.422,0.743,216,73.7968028419,0.688829787234,0.154,0.2265625,5.20238557893
Matt,McBride,31,43,9,3,0,0,2,10,1,0,0,0,0,0,0,0,0.209,0.227,0.279,0.506,12,2.78636363636,0.382352941176,0.07,0.093023255814,2.21270053476
Brian,McCann,32,425,102,13,0,19,57,99,54,7,2,1,0,0,0,2,0.24,0.334,0.405,0.739,172,63.0956967213,0.724458204334,0.165,0.294117647059,5.241796343
James,McCann,26,341,76,9,1,12,48,107,23,2,0,0,1,0,1,3,0.223,0.274,0.361,0.634,123,35.5621621622,0.552631578947,0.138,0.202346041056,3.55621621622
Brandon,McCarthy,32,13,0,0,0,0,1,6,2,0,0,0,0,0,0,0,0.0,0.133,0.0,0.133,0,0.0693333333333,0.153846153846,0.0,0.153846153846,0.144
Andrew,McCutchen,29,593,151,26,3,24,77,142,69,5,7,6,7,0,0,3,0.255,0.336,0.43,0.766,255,90.1608955224,0.730512249443,0.175,0.290050590219,5.38571721041
Casey,McGehee,33,92,21,1,0,0,1,14,3,1,0,0,0,0,0,0,0.228,0.26,0.239,0.5,22,6.0,0.366197183099,0.011,0.0434782608696,2.28169014085
Jordy,Mercer,29,519,133,22,3,11,59,83,51,5,8,1,1,0,7,2,0.256,0.328,0.374,0.701,194,68.1435616438,0.645994832041,0.118,0.215799614644,4.64615193026
Whit,Merrifield,27,307,86,21,3,2,28,72,19,0,1,8,3,0,1,1,0.28,0.321,0.388,0.709,119,40.0785365854,0.638392857143,0.108,0.185667752443,4.78814375135
Devin,Mesoraco,28,50,7,1,0,0,1,10,5,0,0,0,1,0,0,0,0.14,0.218,0.16,0.378,8,1.86,0.272727272727,0.02,0.1,1.14136363636
Will,Middlebrooks,27,27,3,0,0,0,1,13,4,0,0,0,0,0,0,0,0.111,0.226,0.111,0.337,3,0.912258064516,0.291666666667,0.0,0.148148148148,1.02629032258
Wade,Miley,29,11,2,0,0,0,0,2,0,0,0,0,0,0,1,0,0.182,0.182,0.182,0.364,2,0.42,0.222222222222,0.0,0.0,1.134
Brad,Miller,26,548,133,29,6,30,81,149,47,3,0,6,4,0,0,3,0.243,0.304,0.482,0.786,264,83.8947088186,0.754176610979,0.239,0.328467153285,5.36767094337
Shelby,Miller,25,32,4,1,1,0,0,21,0,0,0,0,0,0,2,0,0.125,0.125,0.219,0.344,7,0.945882352941,0.25,0.094,0.09375,0.851294117647
Yadier,Molina,33,529,161,37,1,8,57,63,39,6,1,3,2,0,0,2,0.304,0.358,0.423,0.781,224,84.3058333333,0.72972972973,0.119,0.194706994329,6.11897177419
Yoan,Moncada,21,19,4,1,0,0,1,12,1,0,0,0,0,0,0,0,0.211,0.25,0.263,0.513,5,1.315,0.4,0.052,0.105263157895,2.367
Adalberto,Mondesi,20,135,25,1,3,2,13,48,6,2,0,9,1,0,6,0,0.185,0.231,0.281,0.512,38,10.2829530201,0.486486486486,0.096,0.2,2.37298915849
Miguel,Montero,32,240,51,8,1,7,31,58,38,3,5,1,0,0,0,2,0.213,0.325,0.342,0.667,82,30.2072084806,0.656084656085,0.129,0.291666666667,4.27012894751
Mike,Montgomery,26,11,1,0,0,0,1,5,0,0,0,0,0,0,0,0,0.091,0.091,0.091,0.182,1,0.0909090909091,0.1,0.0,0.0,0.245454545455
Matt,Moore,27,27,2,0,0,0,0,12,0,0,0,0,0,0,4,0,0.074,0.074,0.074,0.148,2,0.263225806452,0.08,0.0,0.0,0.245072302558
Kendrys,Morales,33,555,147,24,0,30,93,120,48,7,2,0,0,0,0,5,0.265,0.328,0.47,0.799,261,91.1069268293,0.774509803922,0.205,0.291891891892,5.9561429162
Colin,Moran,23,20,2,0,0,0,2,7,1,1,0,0,0,0,0,0,0.1,0.182,0.1,0.282,2,0.458181818182,0.222222222222,0.0,0.05,0.687272727273
Mitch,Moreland,30,460,107,21,0,22,60,118,35,8,5,1,0,0,0,0,0.233,0.298,0.422,0.72,194,60.9542743539,0.674220963173,0.189,0.267391304348,4.66222495058
Adam,Morgan,26,32,3,1,0,0,1,11,1,0,0,0,0,0,3,0,0.094,0.121,0.125,0.246,4,0.646666666667,0.172413793103,0.031,0.0625,0.545625
Justin,Morneau,35,201,53,14,1,6,25,52,11,1,1,0,0,0,0,2,0.264,0.302,0.433,0.735,87,27.4813953488,0.668918918919,0.169,0.223880597015,4.94665116279
Logan,Morrison,28,353,84,18,1,14,43,89,37,6,1,4,2,0,0,2,0.238,0.319,0.414,0.733,146,50.2638190955,0.70479704797,0.176,0.28611898017,4.97114694351
Brandon,Moss,32,408,92,19,2,28,67,140,39,7,3,1,0,0,0,5,0.225,0.301,0.488,0.788,199,64.1294117647,0.778481012658,0.263,0.360294117647,5.3940626718
Taylor,Motter,26,80,15,3,0,2,9,19,11,1,0,0,1,0,0,1,0.188,0.29,0.3,0.59,24,7.72731182796,0.530303030303,0.112,0.2375,3.11399133365
Mike,Moustakas,27,104,25,6,0,7,13,13,9,0,0,0,1,0,0,0,0.24,0.301,0.5,0.801,52,15.8692035398,0.75,0.26,0.336538461538,5.35585619469
Steven,Moya,24,94,24,4,2,5,11,38,5,0,0,0,1,0,0,1,0.255,0.29,0.5,0.79,47,13.6696,0.718309859155,0.245,0.287234042553,5.1261
Max,Muncy,25,113,21,2,0,2,8,24,20,0,1,0,0,0,0,0,0.186,0.308,0.257,0.565,29,10.4627067669,0.532608695652,0.071,0.247787610619,3.07057698594
Daniel,Murphy,31,530,184,47,5,25,104,57,35,8,10,5,1,0,0,8,0.347,0.391,0.596,0.987,316,128.886127367,1.04610951009,0.249,0.322641509434,9.80260687014
John,Ryan,25,79,12,3,0,1,3,18,4,0,0,0,0,0,2,1,0.152,0.19,0.228,0.418,18,3.83255813953,0.328358208955,0.076,0.126582278481,1.47827242525
Tom,Murphy,25,40,11,1,0,5,13,17,4,0,0,1,0,0,0,0,0.275,0.341,0.675,1.016,27,9.73636363636,1.10344827586,0.4,0.525,9.06489028213
Wil,Myers,25,595,153,28,4,28,94,160,68,4,1,28,6,0,0,5,0.257,0.335,0.459,0.794,273,100.577053571,0.819196428571,0.202,0.352941176471,5.99465882214
Mike,Napoli,34,554,133,22,1,34,101,192,77,5,2,5,0,0,0,5,0.24,0.335,0.468,0.803,259,95.5928237129,0.821852731591,0.228,0.375451263538,6.05870009448
Tyler,Naquin,25,318,95,18,5,14,43,111,36,3,4,6,3,0,2,2,0.299,0.373,0.519,0.892,165,65.0645429363,0.91592920354,0.22,0.342767295597,7.63801156209
Omar,Narvaez,24,100,27,4,0,1,9,14,14,0,1,0,0,0,0,2,0.27,0.353,0.34,0.693,34,13.5794827586,0.657534246575,0.07,0.21,4.8886137931
Daniel,Nava,33,129,29,6,0,1,13,30,10,5,0,0,0,0,0,3,0.225,0.299,0.295,0.594,38,13.0084353741,0.53,0.07,0.147286821705,3.40997820487
Dioner,Navarro,32,304,63,13,2,6,35,71,23,2,0,1,1,0,2,3,0.207,0.265,0.322,0.587,98,28.032754491,0.50826446281,0.115,0.190789473684,3.06430919537
Jimmy,Nelson,27,50,4,0,0,0,3,32,2,0,0,0,0,0,7,0,0.08,0.115,0.08,0.195,4,0.829830508475,0.130434782609,0.0,0.04,0.42274384394
Juan,Nicasio,29,19,3,0,0,0,1,7,0,0,0,0,0,0,1,0,0.158,0.158,0.158,0.316,3,0.528,0.1875,0.0,0.0,0.838588235294
Brett,Nicholas,27,37,10,5,0,2,4,8,4,1,0,0,0,0,0,0,0.27,0.357,0.568,0.925,21,7.96428571429,0.962962962963,0.298,0.405405405405,7.96428571429
Justin,Nicolino,24,22,2,0,0,0,0,11,1,0,0,0,0,0,1,0,0.091,0.13,0.091,0.221,2,0.3475,0.15,0.0,0.0454545454545,0.446785714286
Jon,Niese,29,30,3,1,0,0,1,14,2,0,0,0,0,0,2,0,0.1,0.156,0.133,0.29,4,0.817647058824,0.222222222222,0.033,0.1,0.761257606491
Kirk,Nieuwenhuis,28,334,70,18,1,13,44,133,56,1,1,8,7,0,0,0,0.21,0.325,0.386,0.711,129,45.3360613811,0.690036900369,0.176,0.347305389222,4.51687696417
Brandon,Nimmo,23,72,19,1,0,1,6,20,6,1,0,0,0,0,0,0,0.264,0.329,0.319,0.649,23,8.16860759494,0.566037735849,0.055,0.138888888889,4.16136613327
Aaron,Nola,23,30,1,1,0,0,0,17,3,1,0,0,0,0,1,0,0.033,0.147,0.067,0.214,2,0.508571428571,0.206896551724,0.034,0.133333333333,0.457714285714
Nick,Noonan,27,18,3,0,0,0,1,5,1,0,0,0,1,0,0,1,0.167,0.2,0.167,0.367,3,0.567,0.1875,0.0,0.0,0.900529411765
Bud,Norris,31,27,6,0,1,0,1,7,3,1,0,0,0,0,7,0,0.222,0.323,0.296,0.619,8,3.33684210526,0.571428571429,0.074,0.185185185185,3.21766917293
Derek,Norris,27,415,77,17,0,14,42,139,36,4,5,9,2,0,0,3,0.186,0.255,0.328,0.583,136,38.0002183406,0.538235294118,0.142,0.24578313253,2.99127083148
Ivan,Nova,29,26,3,0,0,0,0,18,0,0,0,0,0,0,2,0,0.115,0.115,0.115,0.231,3,0.432857142857,0.130434782609,0.0,0.0,0.467485714286
Eduardo,Nunez,29,553,159,24,4,16,67,88,29,5,3,40,9,0,2,6,0.288,0.325,0.432,0.758,239,84.1204705882,0.754342431762,0.144,0.253164556962,5.52616230142
Renato,Nunez,22,15,2,0,0,0,1,3,0,0,0,0,0,0,0,0,0.133,0.133,0.133,0.267,2,0.266666666667,0.153846153846,0.0,0.0,0.553846153846
Peter,O'Brien,25,64,9,1,0,5,9,27,3,0,2,0,0,0,0,0,0.141,0.179,0.391,0.57,25,4.52417910448,0.509090909091,0.25,0.296875,2.22096065129
Shawn,O'Malley,28,206,48,9,2,2,17,58,18,3,0,6,2,0,1,0,0.233,0.304,0.325,0.629,67,22.3627192982,0.575,0.092,0.199029126214,3.75026969598
Rougned,Odor,22,605,164,33,4,33,88,135,19,4,0,14,6,0,0,4,0.271,0.296,0.502,0.798,304,91.4565506329,0.749440715884,0.231,0.276033057851,5.47522586938
Hector,Olivera,31,19,4,1,0,0,2,5,1,0,0,0,0,0,0,1,0.211,0.238,0.263,0.501,5,1.37619047619,0.4,0.052,0.105263157895,2.32232142857
Matt,Olson,22,17,1,0,0,0,0,4,7,0,0,0,0,0,0,0,0.059,0.333,0.059,0.392,1,0.94,0.5,0.0,0.411764705882,1.58625
Paulo,Orlando,30,453,138,24,4,5,43,103,13,7,1,14,3,0,3,3,0.305,0.332,0.408,0.74,185,64.8281837161,0.679245283019,0.103,0.156732891832,5.40234864301
Rafael,Ortega,25,182,41,8,0,1,15,23,12,0,0,8,3,0,3,0,0.225,0.273,0.286,0.559,52,15.4416243655,0.479166666667,0.061,0.153846153846,2.83621672019
David,Ortiz,40,532,169,48,1,38,127,83,80,2,15,2,0,0,0,7,0.318,0.404,0.626,1.03,333,143.526731079,1.14876033058,0.308,0.462406015038,10.4735722679
Chris,Owings,24,433,121,24,11,5,48,85,20,5,4,21,2,0,2,2,0.279,0.317,0.42,0.738,182,62.481038961,0.71974522293,0.141,0.230946882217,5.30499387405
Marcell,Ozuna,25,557,148,23,6,23,76,115,43,4,2,0,3,0,0,4,0.266,0.321,0.452,0.773,252,83.9305263158,0.718446601942,0.186,0.258527827648,5.44741396761
Jordan,Pacheco,30,51,8,4,0,0,0,14,0,0,0,0,0,0,0,0,0.157,0.157,0.235,0.392,12,1.88235294118,0.279069767442,0.078,0.078431372549,1.18194254446
Angel,Pagan,34,490,134,23,5,12,55,65,42,0,1,14,3,0,0,3,0.273,0.329,0.414,0.743,203,71.9485981308,0.713091922006,0.141,0.248979591837,5.36633190479
Joe,Panik,25,460,110,21,7,10,62,47,49,4,5,5,0,0,3,5,0.239,0.315,0.38,0.695,175,60.7699040307,0.665714285714,0.141,0.258695652174,4.5832050526
Jimmy,Paredes,27,155,35,8,0,5,18,48,7,0,0,0,1,0,1,0,0.226,0.259,0.374,0.633,58,15.1775460123,0.528925619835,0.148,0.187096774194,3.35896510108
ByungHo,Park,29,215,41,9,1,12,24,80,21,5,0,1,0,0,0,3,0.191,0.275,0.409,0.684,88,26.5913114754,0.66091954023,0.218,0.320930232558,4.05630175049
Jarrett,Parker,27,127,30,3,1,5,14,44,19,5,1,0,1,0,0,0,0.236,0.358,0.394,0.751,50,19.6486092715,0.744897959184,0.158,0.299212598425,5.41339235032
Gerardo,Parra,29,368,93,27,3,7,39,73,9,1,1,6,4,0,1,2,0.253,0.271,0.399,0.671,147,40.0209448819,0.569892473118,0.146,0.176630434783,3.83179259507
Jordan,Patterson,24,13,5,0,0,0,0,1,1,0,0,0,1,0,0,0,0.385,0.429,0.385,0.813,5,1.87857142857,0.555555555556,0.0,0.0,5.63571428571
Ben,Paulsen,28,92,20,5,0,1,11,27,5,0,1,0,0,0,0,0,0.217,0.258,0.304,0.562,28,7.48453608247,0.458333333333,0.087,0.141304347826,2.80670103093
Steve,Pearce,33,264,76,13,1,13,35,54,34,3,2,0,2,0,0,1,0.288,0.374,0.492,0.867,130,51.3172847682,0.868421052632,0.204,0.325757575758,7.25427585729
Jake,Peavy,35,27,5,0,0,0,3,12,2,0,0,0,0,0,2,0,0.185,0.241,0.185,0.427,5,1.48129032258,0.318181818182,0.0,0.0740740740741,1.6664516129
Joc,Pederson,24,403,100,26,0,25,68,128,63,4,4,6,2,0,1,2,0.248,0.354,0.499,0.853,201,77.4627906977,0.891803278689,0.251,0.416873449132,6.79056931441
Dustin,Pedroia,32,629,201,36,1,15,74,73,61,0,0,7,3,0,1,3,0.32,0.378,0.452,0.83,284,114.042103746,0.809744779582,0.132,0.235294117647,7.07847540495
Brayan,Pena,34,13,2,1,0,0,0,2,1,0,0,0,0,0,0,0,0.154,0.214,0.231,0.445,3,0.698571428571,0.363636363636,0.077,0.153846153846,1.71467532468
Francisco,Pena,26,40,8,0,0,1,3,14,2,0,0,0,0,0,1,0,0.2,0.238,0.275,0.513,11,2.8,0.40625,0.075,0.125,2.29090909091
Ramiro,Pena,30,87,26,6,1,1,10,16,2,2,1,0,0,0,0,0,0.299,0.33,0.425,0.755,37,12.4549450549,0.672131147541,0.126,0.149425287356,5.51284453252
Hunter,Pence,33,390,113,23,1,13,56,93,43,1,1,1,1,0,0,3,0.29,0.359,0.454,0.813,177,67.9189016018,0.794964028777,0.164,0.274358974359,6.5260154564
Cliff,Pennington,32,169,35,4,2,3,10,54,12,0,0,0,0,0,3,0,0.207,0.26,0.308,0.567,52,14.4780434783,0.477611940299,0.101,0.171597633136,2.85333703586
David,Peralta,28,171,43,9,5,4,15,42,8,3,1,2,0,0,0,1,0.251,0.295,0.433,0.728,74,23.0636065574,0.6796875,0.182,0.239766081871,4.82726648875
Jhonny,Peralta,34,285,74,17,1,8,29,56,20,1,0,0,0,0,0,3,0.26,0.307,0.411,0.718,117,38.1291262136,0.654028436019,0.151,0.221052631579,4.81068414844
Wily,Peralta,27,39,5,1,0,1,6,15,0,0,0,0,0,0,1,1,0.128,0.125,0.231,0.356,9,1.2243902439,0.264705882353,0.103,0.102564102564,0.918292682927
Jose,Peraza,22,237,78,8,2,3,25,32,7,5,0,21,10,0,0,3,0.329,0.357,0.418,0.775,99,36.380952381,0.721893491124,0.089,0.164556962025,5.71096345515
Luis,Perdomo,23,38,5,1,0,0,1,15,1,1,0,0,0,0,3,0,0.132,0.175,0.158,0.333,6,1.31534883721,0.242424242424,0.026,0.0526315789474,0.986511627907
Carlos,Perez,25,265,54,14,0,5,29,49,11,1,0,1,0,0,8,2,0.204,0.237,0.313,0.55,83,21.12,0.454976303318,0.109,0.154716981132,2.58027149321
Hernan,Perez,25,401,109,17,3,13,56,94,17,0,0,34,7,0,3,4,0.272,0.299,0.426,0.725,171,55.0872,0.719063545151,0.154,0.26433915212,4.86063529412
Roberto,Perez,27,153,28,6,1,3,17,44,23,0,0,0,0,0,5,3,0.183,0.285,0.294,0.579,45,15.2833695652,0.544,0.111,0.261437908497,3.10263893429
Salvador,Perez,26,511,126,28,2,22,64,118,21,8,3,0,0,0,0,2,0.247,0.286,0.438,0.724,224,66.2896678967,0.657142857143,0.191,0.232876712329,4.62486055093
Williams,Perez,25,17,0,0,0,0,0,5,0,0,0,0,0,0,2,0,0.0,0.0,0.0,0.0,0,0.0,0.0,0.0,0.0,0.0
Jace,Peterson,26,347,89,16,1,7,29,67,52,1,2,5,5,0,2,3,0.256,0.352,0.369,0.721,128,49.5432592593,0.688212927757,0.113,0.262247838617,4.99129850746
Gregorio,Petit,31,204,50,13,1,2,17,51,15,1,1,1,1,0,2,1,0.245,0.299,0.348,0.647,71,22.4381165919,0.561290322581,0.103,0.176470588235,3.83436169609
Tommy,Pham,28,159,36,7,0,9,17,71,20,3,1,2,2,0,1,0,0.226,0.324,0.44,0.764,70,24.0708196721,0.744,0.214,0.339622641509,5.15803278689
Josh,Phegley,28,78,20,6,0,1,10,13,5,2,0,0,0,0,0,1,0.256,0.314,0.372,0.686,29,9.83930232558,0.620689655172,0.116,0.179487179487,4.50273157272
David,Phelps,29,11,2,0,0,0,1,3,0,0,0,0,0,0,2,0,0.182,0.182,0.182,0.364,2,0.467692307692,0.222222222222,0.0,0.0,1.14797202797
Brandon,Phillips,35,550,160,34,1,11,64,68,18,8,3,14,8,0,2,6,0.291,0.32,0.416,0.736,229,75.1074657534,0.655778894472,0.125,0.169090909091,4.99483146636
A.J.,Pierzynski,39,247,54,15,0,2,23,29,6,3,1,1,0,0,0,3,0.219,0.243,0.304,0.547,75,19.2551351351,0.440414507772,0.085,0.113360323887,2.65249310535
Kevin,Pillar,27,544,145,34,2,7,53,89,24,6,0,14,6,0,3,3,0.267,0.303,0.375,0.678,204,64.7444827586,0.597530864198,0.108,0.167279411765,4.25328718852
Manny,Pina,29,70,18,4,0,2,12,14,10,0,0,0,1,0,0,0,0.257,0.35,0.4,0.75,28,10.3275,0.698113207547,0.143,0.271428571429,5.26117924528
Chad,Pinder,24,49,11,4,0,1,3,14,2,0,0,0,0,0,0,1,0.224,0.25,0.367,0.617,18,4.76,0.526315789474,0.143,0.183673469388,3.29538461538
Jose,Pirela,26,39,6,2,0,0,0,9,1,0,0,0,1,0,1,0,0.154,0.175,0.205,0.38,8,1.28487804878,0.235294117647,0.051,0.0512820512821,0.991191637631
Stephen,Piscotty,25,577,157,35,3,22,84,132,51,12,0,7,5,0,1,2,0.272,0.343,0.458,0.8,264,95.4894245723,0.774117647059,0.186,0.277296360485,6.02386556881
Kevin,Plawecki,25,128,25,5,0,1,10,32,17,2,2,0,0,0,0,0,0.195,0.299,0.258,0.557,33,11.2005442177,0.504854368932,0.063,0.1953125,2.9360649891
Trevor,Plouffe,30,319,83,13,1,12,47,60,19,2,0,1,0,0,1,3,0.26,0.303,0.42,0.723,134,42.948372093,0.661016949153,0.16,0.222570532915,4.83169186047
Gregory,Polanco,24,523,136,34,4,22,86,116,52,0,6,17,6,0,1,6,0.26,0.324,0.467,0.79,244,83.9451546392,0.781170483461,0.207,0.326959847036,5.66629793814
Jorge,Polanco,22,241,68,15,4,4,26,45,17,3,0,4,2,0,2,2,0.282,0.335,0.427,0.762,103,36.464,0.714285714286,0.145,0.224066390041,5.50015642458
A.J.,Pollock,28,41,10,0,0,2,4,8,5,0,0,4,0,0,0,0,0.244,0.326,0.39,0.716,16,6.31956521739,0.806451612903,0.146,0.365853658537,5.50413744741
Drew,Pomeranz,27,35,5,0,0,1,4,21,0,0,0,0,0,0,2,0,0.143,0.143,0.229,0.371,8,1.22162162162,0.266666666667,0.086,0.0857142857143,1.03074324324
Buster,Posey,29,534,152,33,2,14,77,67,64,3,7,6,0,0,0,8,0.285,0.36,0.433,0.792,231,91.2967487685,0.795811518325,0.148,0.279026217228,6.32054414551
Martin,Prado,32,598,182,37,3,8,75,69,49,4,4,2,0,0,0,5,0.304,0.358,0.416,0.775,249,95.0675304878,0.730769230769,0.112,0.197324414716,6.09696751347
Alex,Presley,30,121,24,2,0,3,11,25,11,1,1,0,2,0,0,1,0.198,0.269,0.289,0.558,35,9.73820895522,0.454545454545,0.091,0.165289256198,2.62931641791
David,Price,30,10,0,0,0,0,0,8,1,0,0,0,0,0,0,0,0.0,0.091,0.0,0.091,0,0.0236363636364,0.1,0.0,0.1,0.0638181818182
Jurickson,Profar,23,269,65,6,3,5,19,60,28,3,0,2,1,0,2,0,0.242,0.32,0.342,0.662,92,32.1301324503,0.60487804878,0.1,0.208178438662,4.19088684135
Yasiel,Puig,25,330,88,14,2,11,45,72,24,7,0,5,1,0,0,3,0.267,0.327,0.421,0.748,139,49.0218681319,0.716049382716,0.154,0.239393939394,5.3804489413
Albert,Pujols,36,593,159,19,0,31,119,75,49,2,6,4,0,0,0,6,0.268,0.323,0.457,0.78,271,93.0138461538,0.751152073733,0.189,0.278246205734,5.70766783217
Juniel,Querecuto,23,11,1,0,1,0,2,6,0,0,0,0,0,0,0,0,0.091,0.091,0.273,0.364,3,0.272727272727,0.3,0.182,0.181818181818,0.736363636364
Roman,Quinn,23,57,15,4,0,0,6,19,8,2,0,5,1,0,2,0,0.263,0.373,0.333,0.706,19,8.77913043478,0.767441860465,0.07,0.280701754386,5.26747826087
Ryan,Raburn,35,223,49,10,2,9,30,80,28,2,0,0,0,0,0,3,0.22,0.309,0.404,0.712,90,30.661875,0.689655172414,0.184,0.309417040359,4.67723516949
Alexei,Ramirez,34,473,111,21,2,6,47,63,21,4,3,8,7,0,1,2,0.235,0.272,0.326,0.598,154,42.5983233533,0.487804878049,0.091,0.137420718816,3.09181379177
Hanley,Ramirez,32,546,156,28,1,29,110,119,59,7,5,9,3,0,0,4,0.286,0.36,0.5,0.86,273,105.098668831,0.87786259542,0.214,0.333333333333,7.14776840917
Jose,Ramirez,23,561,175,46,3,11,76,61,44,4,1,22,6,0,1,4,0.312,0.364,0.463,0.827,260,101.170065147,0.826530612245,0.151,0.258467023173,6.88058377571
Wilson,Ramos,28,482,148,25,0,22,80,79,35,2,2,0,0,0,0,4,0.307,0.354,0.496,0.85,239,88.495793499,0.826347305389,0.189,0.261410788382,7.06919060495
Colby,Rasmus,29,369,76,10,0,15,54,121,43,0,0,4,0,0,1,4,0.206,0.286,0.355,0.641,131,41.9096882494,0.607508532423,0.149,0.276422764228,3.79718651924
Robbie,Ray,24,53,10,2,0,1,2,26,1,0,0,0,0,0,6,0,0.189,0.204,0.283,0.487,15,3.36966666667,0.372093023256,0.094,0.11320754717,1.85675510204
Colin,Rea,25,33,4,0,0,0,1,16,2,0,0,0,0,0,4,0,0.121,0.171,0.121,0.293,4,1.01538461538,0.206896551724,0.0,0.0606060606061,0.830769230769
J.T.,Realmuto,25,509,154,31,0,11,48,100,28,5,1,12,4,0,0,3,0.303,0.343,0.428,0.771,218,78.6127706422,0.721448467967,0.125,0.196463654224,5.86338344569
Anthony,Recker,32,90,25,8,0,2,15,22,16,2,1,1,0,0,3,1,0.278,0.394,0.433,0.828,39,17.6683928571,0.892307692308,0.155,0.344444444444,6.9137189441
Josh,Reddick,29,396,112,17,1,10,37,56,39,0,5,8,3,0,0,1,0.283,0.346,0.407,0.753,161,59.240733945,0.714285714286,0.124,0.234848484848,5.55381880734
AJ,Reed,23,118,20,3,0,3,8,46,18,0,0,0,0,0,0,1,0.169,0.277,0.271,0.549,32,10.3182481752,0.510204081633,0.102,0.254237288136,2.81406768414
Cody,Reed,23,11,0,0,0,0,0,6,1,0,0,0,0,0,2,0,0.0,0.083,0.0,0.083,0,0.0928571428571,0.0909090909091,0.0,0.0909090909091,0.192857142857
Michael,Reed,23,22,4,0,0,0,0,7,2,0,0,1,0,0,0,0,0.182,0.25,0.182,0.432,4,1.26,0.388888888889,0.0,0.136363636364,1.89
Rob,Refsnyder,25,152,38,9,0,0,12,30,18,1,2,2,1,0,0,3,0.25,0.328,0.309,0.637,47,17.3857471264,0.582608695652,0.059,0.184210526316,3.97809468147
Nolan,Reimold,32,203,45,9,1,6,15,62,22,1,0,1,2,0,0,1,0.222,0.3,0.365,0.664,74,23.5564757709,0.6,0.143,0.246305418719,3.95046488084
Tony,Renda,25,56,10,1,0,0,2,11,5,0,0,0,0,0,2,0,0.179,0.246,0.196,0.442,11,3.17619047619,0.347826086957,0.017,0.107142857143,1.78660714286
Anthony,Rendon,26,567,153,38,2,20,85,117,65,7,2,12,6,0,0,8,0.27,0.348,0.45,0.797,255,95.9944358578,0.792857142857,0.18,0.305114638448,6.05572375738
Hunter,Renfroe,24,31,12,2,0,4,13,5,1,0,1,0,0,0,0,0,0.387,0.406,0.839,1.245,26,10.5625,1.42105263158,0.452,0.483870967742,15.0098684211
Ben,Revere,28,345,75,9,7,2,23,33,18,3,0,14,5,0,2,2,0.217,0.261,0.301,0.562,104,29.2232972973,0.487272727273,0.084,0.16231884058,2.82806102877
Alex,Reyes,21,14,1,0,0,0,1,5,0,0,0,0,0,0,1,0,0.071,0.071,0.071,0.143,1,0.101333333333,0.0769230769231,0.0,0.0,0.195428571429
Jose,Reyes,33,255,68,13,4,8,24,49,23,0,1,9,2,0,0,1,0.267,0.326,0.443,0.769,113,39.5300358423,0.756613756614,0.176,0.294117647059,5.61742614601
Mark,Reynolds,32,393,111,24,0,14,53,112,42,4,1,1,1,0,0,2,0.282,0.356,0.45,0.806,177,67.3028571429,0.787985865724,0.168,0.274809160305,6.37606015038
Matt,Reynolds,25,86,19,7,0,3,13,33,4,1,0,0,1,0,2,0,0.221,0.264,0.407,0.671,35,9.23462365591,0.573529411765,0.186,0.220930232558,3.56192626728
Clayton,Richard,32,17,1,0,0,0,1,9,1,0,0,0,0,0,3,0,0.059,0.111,0.059,0.17,1,0.268571428571,0.125,0.0,0.0588235294118,0.381654135338
Joey,Rickard,25,257,69,13,0,5,19,54,18,2,0,4,1,0,3,2,0.268,0.319,0.377,0.696,97,33.3526241135,0.634920634921,0.109,0.190661478599,4.64186005703
Rene,Rivera,32,185,41,4,0,6,26,54,16,3,3,0,0,0,1,2,0.222,0.291,0.341,0.632,63,19.9188405797,0.569444444444,0.119,0.205405405405,3.65856255546
T.J.,Rivera,27,105,35,4,1,3,16,17,3,1,0,0,0,0,0,4,0.333,0.345,0.476,0.821,50,18.3334513274,0.771428571429,0.143,0.171428571429,6.68923224109
Yadiel,Rivera,24,65,14,4,0,0,3,20,2,0,0,0,0,0,3,0,0.215,0.239,0.277,0.516,18,4.58971428571,0.392156862745,0.062,0.0923076923077,2.29485714286
Anthony,Rizzo,26,580,170,43,4,32,108,107,74,16,8,3,5,0,0,3,0.293,0.386,0.547,0.933,317,129.371768202,0.975903614458,0.254,0.377586206897,8.35654962071
Tanner,Roark,29,64,8,1,0,0,3,25,5,0,0,0,0,0,6,0,0.125,0.188,0.141,0.329,9,2.32613333333,0.25,0.016,0.09375,1.01299354839
Daniel,Robertson,30,19,5,1,0,0,1,3,1,0,0,0,1,0,1,0,0.263,0.3,0.316,0.616,6,1.61428571429,0.4,0.053,0.0526315789474,2.72410714286
Clint,Robinson,31,193,45,4,0,5,26,38,20,2,0,0,0,0,1,5,0.233,0.305,0.332,0.636,64,22.0827149321,0.581081081081,0.099,0.20207253886,3.87164482576
Shane,Robinson,31,98,17,3,0,1,10,17,10,1,0,3,2,0,2,0,0.173,0.257,0.235,0.492,23,6.66630630631,0.421686746988,0.062,0.173469387755,2.11753259141
Alex,Rodriguez,40,225,45,7,0,9,31,67,14,1,0,3,0,0,0,3,0.2,0.247,0.351,0.598,79,21.2395061728,0.538888888889,0.151,0.226666666667,3.13369763206
Sean,Rodriguez,31,300,81,16,1,18,56,102,33,5,2,2,1,0,1,3,0.27,0.349,0.51,0.859,153,57.0954385965,0.872727272727,0.24,0.353333333333,6.88203947368
Jason,Rogers,28,24,2,0,1,0,2,9,7,1,0,0,0,0,0,0,0.083,0.313,0.167,0.479,4,1.9,0.545454545455,0.084,0.375,2.33181818182
Miguel,Rojas,27,194,48,12,0,1,14,27,11,1,2,2,1,0,6,2,0.247,0.288,0.325,0.613,63,19.5196261682,0.517006802721,0.078,0.139175257732,3.40019294543
Jimmy,Rollins,37,149,33,8,1,2,8,33,16,0,0,5,1,0,0,1,0.221,0.295,0.329,0.624,49,16.2737349398,0.589743589744,0.108,0.241610738255,3.72365121503
Stefen,Romero,27,17,4,1,0,0,3,4,1,0,0,0,0,0,0,1,0.235,0.263,0.294,0.557,5,1.52105263158,0.461538461538,0.059,0.117647058824,2.93345864662
Andrew,Romine,30,174,41,5,2,2,16,38,13,4,0,8,0,0,3,0,0.236,0.304,0.322,0.626,56,19.773814433,0.609022556391,0.086,0.206896551724,3.92568374773
Austin,Romine,27,165,40,11,0,4,26,31,7,0,1,1,0,0,1,3,0.242,0.269,0.382,0.65,63,17.9347727273,0.568,0.14,0.187878787879,3.75378964059
Jose,Rondon,22,25,3,0,0,0,1,4,1,0,0,0,0,0,0,0,0.12,0.154,0.12,0.274,3,0.501538461538,0.181818181818,0.0,0.04,0.615524475524
Adam,Rosales,33,213,49,12,3,13,35,87,29,1,2,4,0,0,0,4,0.23,0.32,0.498,0.817,106,37.5617813765,0.853658536585,0.268,0.422535211268,6.03671486408
Alberto,Rosario,29,38,7,2,0,0,2,5,2,0,0,0,0,0,1,0,0.184,0.225,0.237,0.462,9,2.20390243902,0.354838709677,0.053,0.105263157895,1.85954268293
Eddie,Rosario,24,335,90,17,2,10,32,91,12,2,2,5,2,0,2,3,0.269,0.295,0.421,0.716,141,43.0244067797,0.63967611336,0.152,0.197014925373,4.60975786925
David,Ross,39,166,38,6,0,10,32,54,30,0,6,0,1,0,4,5,0.229,0.338,0.446,0.784,74,27.7543414634,0.798449612403,0.217,0.39156626506,5.43019724284
Joe,Ross,23,41,10,2,0,0,1,15,3,0,0,0,0,0,0,0,0.244,0.295,0.293,0.588,12,3.77590909091,0.483870967742,0.049,0.121951219512,3.28869501466
Ryan,Rua,26,237,60,8,1,8,21,76,19,6,2,7,0,0,0,2,0.253,0.322,0.397,0.719,94,33.6973484848,0.71186440678,0.144,0.253164556962,5.08284027425
Darin,Ruf,29,83,17,2,0,3,9,25,4,0,0,0,1,0,0,2,0.205,0.236,0.337,0.573,28,6.7595505618,0.462686567164,0.132,0.168674698795,2.64504152418
Justin,Ruggiano,34,24,8,1,0,2,7,10,2,0,0,0,1,0,0,0,0.333,0.385,0.625,1.01,15,5.37230769231,0.941176470588,0.292,0.333333333333,8.53248868778
Carlos,Ruiz,37,201,53,8,0,3,15,33,27,5,1,3,1,0,0,0,0.264,0.365,0.348,0.713,70,28.7042060086,0.697986577181,0.084,0.228855721393,5.20143330357
Cameron,Rupp,27,385,98,26,1,16,54,113,24,5,0,1,0,0,0,1,0.255,0.306,0.452,0.758,174,55.8738795181,0.710801393728,0.197,0.262337662338,5.23817620482
Chris,Rusin,29,29,5,0,1,0,3,6,0,0,0,0,0,0,1,0,0.172,0.172,0.241,0.414,7,1.25333333333,0.291666666667,0.069,0.0689655172414,1.3536
Addison,Russell,22,522,125,25,3,21,95,134,55,12,6,5,1,0,0,6,0.239,0.323,0.42,0.742,219,77.2282016807,0.72864321608,0.181,0.293103448276,5.16129070638
Josh,Rutledge,27,49,13,6,0,0,3,19,6,0,0,2,0,0,1,0,0.265,0.345,0.388,0.733,19,7.505,0.75,0.123,0.285714285714,5.47662162162
Brendan,Ryan,34,13,1,0,0,0,0,7,0,0,0,0,0,0,1,0,0.077,0.077,0.077,0.154,1,0.108571428571,0.0833333333333,0.0,0.0,0.225494505495
Tyler,Saladino,26,298,84,14,0,8,38,62,13,3,0,11,5,0,2,3,0.282,0.315,0.409,0.725,122,40.0489028213,0.657534246575,0.127,0.191275167785,4.82732310793
Jarrod,Saltalamacchia,31,246,42,5,1,12,38,104,41,0,1,0,0,0,0,5,0.171,0.284,0.346,0.63,85,27.8561643836,0.617647058824,0.175,0.341463414634,3.59864324572
Jeff,Samardzija,31,64,10,5,0,0,9,28,1,0,0,0,0,0,2,2,0.156,0.164,0.234,0.399,15,2.76434782609,0.296296296296,0.078,0.09375,1.28685157421
Gary,Sanchez,23,198,59,12,0,20,42,56,23,2,2,1,0,0,0,2,0.298,0.373,0.662,1.035,131,51.7216,1.12949640288,0.364,0.484848484848,9.90413617021
Hector,Sanchez,26,49,13,1,0,3,8,10,4,1,0,0,0,0,0,0,0.265,0.333,0.469,0.803,23,8.1,0.777777777778,0.204,0.285714285714,6.075
Yolmer,Sanchez,24,150,32,9,1,4,21,41,5,1,0,0,1,0,2,1,0.213,0.242,0.367,0.609,55,13.5247798742,0.504201680672,0.154,0.18,2.99318898856
Jerry,Sands,28,55,13,0,0,1,7,24,3,0,0,0,0,0,0,0,0.236,0.276,0.291,0.567,16,4.62896551724,0.452380952381,0.055,0.109090909091,2.9757635468
Miguel,Sano,23,433,101,22,1,24,63,177,53,1,1,1,0,0,0,3,0.233,0.316,0.455,0.771,197,67.3332653061,0.759036144578,0.222,0.346420323326,5.42686018885
Carlos,Santana,30,579,151,31,3,34,87,98,98,2,0,5,1,0,0,5,0.261,0.367,0.501,0.868,290,117.397660819,0.918414918415,0.24,0.416234887737,7.30354111084
Danny,Santana,25,233,56,10,2,2,14,55,12,1,0,12,7,0,1,1,0.24,0.279,0.326,0.606,76,21.665,0.510869565217,0.086,0.158798283262,3.14491935484
Domingo,Santana,23,241,62,14,0,10,30,89,32,2,0,2,3,0,0,1,0.257,0.348,0.44,0.788,106,39.2217391304,0.763736263736,0.183,0.311203319502,5.78681397006
Luis,Sardinas,23,177,42,5,1,4,17,48,12,1,3,4,1,0,4,0,0.237,0.289,0.345,0.634,61,18.8610309278,0.566176470588,0.108,0.19209039548,3.63748453608
Michael,Saunders,29,488,124,32,3,24,57,156,59,5,2,1,0,0,1,3,0.254,0.339,0.48,0.818,234,85.4520863309,0.821428571429,0.226,0.348360655738,6.26958242102
Logan,Schafer,29,59,14,3,1,0,1,14,8,2,0,0,0,0,1,0,0.237,0.348,0.322,0.67,19,7.584,0.644444444444,0.085,0.220338983051,4.45147826087
Scott,Schebler,25,254,68,12,2,9,40,59,19,5,2,2,4,0,0,0,0.268,0.331,0.437,0.768,111,37.2765467626,0.7,0.169,0.236220472441,5.29719348732
Max,Scherzer,31,68,11,1,0,0,8,30,2,0,0,0,0,0,13,0,0.162,0.186,0.176,0.362,12,3.01975903614,0.245614035088,0.014,0.0441176470588,1.16476419966
Ryan,Schimpf,28,272,60,17,5,20,51,102,42,9,3,1,1,0,0,3,0.221,0.34,0.54,0.881,147,54.5141104294,0.929577464789,0.319,0.474264705882,6.81426380368
Jonathan,Schoop,24,612,162,37,1,25,82,136,21,8,0,1,1,0,0,3,0.265,0.297,0.451,0.748,276,84.2667701863,0.676274944568,0.186,0.220588235294,5.01145990095
Xavier,Scruggs,28,57,13,3,0,1,5,18,5,2,0,0,0,0,0,0,0.228,0.313,0.333,0.646,19,6.50625,0.590909090909,0.105,0.19298245614,3.99247159091
Corey,Seager,22,624,193,40,5,26,72,132,54,4,5,3,2,0,0,2,0.309,0.367,0.514,0.881,321,122.818157895,0.877598152425,0.205,0.293269230769,7.62319600726
Kyle,Seager,28,593,166,36,3,30,99,107,69,8,10,3,0,0,0,2,0.28,0.362,0.503,0.864,298,114.998303571,0.885245901639,0.223,0.344013490725,7.23765546953
Rob,Segedin,27,71,17,2,1,2,12,22,6,2,0,0,0,0,0,2,0.239,0.309,0.38,0.689,27,9.2962962963,0.648148148148,0.141,0.225352112676,4.48214285714
Jean,Segura,26,634,203,41,7,20,64,100,38,12,1,33,9,0,4,2,0.32,0.369,0.502,0.87,318,124.128811594,0.890909090909,0.182,0.279179810726,7.51452446871
Steve,Selsky,26,51,16,2,0,2,7,22,2,0,0,1,0,0,1,0,0.314,0.34,0.471,0.81,24,8.52,0.771428571429,0.157,0.21568627451,6.39
Marcus,Semien,25,564,134,27,2,27,74,138,51,0,1,10,2,0,1,1,0.238,0.3,0.436,0.736,246,78.6692382496,0.706018518519,0.198,0.303191489362,4.89416919986
Pedro,Severino,22,27,8,1,0,2,4,3,5,1,0,0,0,0,0,0,0.296,0.424,0.556,0.98,15,7.02545454545,1.10526315789,0.26,0.444444444444,9.98354066986
Richie,Shaffer,25,44,10,5,0,1,4,16,4,0,0,0,0,0,0,1,0.227,0.286,0.409,0.695,18,5.58857142857,0.647058823529,0.182,0.272727272727,4.31118367347
Travis,Shaw,26,480,116,34,2,16,71,133,43,3,4,5,0,0,0,4,0.242,0.306,0.421,0.726,202,66.5116981132,0.695054945055,0.179,0.279166666667,4.87993437244
James,Shields,34,21,4,0,0,0,0,12,0,0,0,0,0,0,2,0,0.19,0.19,0.19,0.381,4,0.87652173913,0.235294117647,0.0,0.0,1.24558352403
Braden,Shipley,24,26,3,1,0,0,2,10,0,0,0,1,0,0,1,0,0.115,0.115,0.154,0.269,4,0.56,0.217391304348,0.039,0.0769230769231,0.63
JB,Shuck,29,220,46,5,2,4,14,20,12,1,0,3,3,0,3,1,0.209,0.252,0.305,0.557,67,17.4899578059,0.45197740113,0.096,0.15,2.60899923072
Andrelton,Simmons,26,445,125,22,2,4,44,38,28,2,0,10,1,0,1,4,0.281,0.324,0.366,0.69,163,57.3008333333,0.629283489097,0.085,0.168539325843,4.74577453988
Alfredo,Simon,35,14,1,0,0,0,1,7,1,1,0,0,0,0,3,0,0.071,0.188,0.071,0.259,1,0.486315789474,0.230769230769,0.0,0.0714285714286,0.820657894737
Josh,Smith,28,11,2,1,0,0,0,4,0,0,0,0,0,0,0,0,0.182,0.182,0.273,0.455,3,0.545454545455,0.333333333333,0.091,0.0909090909091,1.63636363636
Kevan,Smith,28,16,2,0,0,0,0,6,0,0,0,0,0,0,0,0,0.125,0.125,0.125,0.25,2,0.25,0.142857142857,0.0,0.0,0.482142857143
Mallex,Smith,23,188,45,7,4,3,22,47,20,2,0,16,8,0,3,1,0.239,0.318,0.367,0.685,69,23.4676635514,0.655629139073,0.128,0.276595744681,4.08791558637
Seth,Smith,33,378,94,15,0,16,63,89,48,8,1,0,0,0,0,4,0.249,0.342,0.415,0.758,157,59.3767123288,0.75,0.166,0.293650793651,5.56656678082
Justin,Smoak,29,299,65,10,0,14,34,112,40,2,1,1,0,0,0,0,0.217,0.314,0.391,0.705,117,40.2207038123,0.683760683761,0.174,0.311036789298,4.64085043988
Jake,Smolinski,27,287,67,6,2,7,27,44,19,7,0,1,1,0,1,2,0.233,0.295,0.341,0.637,98,31.1053164557,0.561085972851,0.108,0.174216027875,3.74930153707
Brandon,Snyder,29,46,11,5,1,4,9,16,1,0,0,0,0,0,0,0,0.239,0.255,0.652,0.907,30,7.72595744681,0.885714285714,0.413,0.434782608696,5.96002431611
Donovan,Solano,28,19,5,2,0,1,2,2,1,0,0,0,0,0,0,0,0.263,0.3,0.526,0.826,10,3.078,0.785714285714,0.263,0.315789473684,5.93614285714
Yangervis,Solarte,28,401,116,26,1,15,71,62,30,5,1,1,1,0,0,3,0.289,0.344,0.471,0.815,189,68.3097949886,0.783216783217,0.182,0.256857855362,6.38188396087
Jorge,Soler,24,225,54,9,0,12,31,66,30,3,0,0,0,0,0,3,0.24,0.333,0.44,0.773,99,36.38,0.771929824561,0.2,0.333333333333,5.64517241379
Geovany,Soto,33,78,21,5,0,4,9,21,6,0,0,0,0,0,2,0,0.269,0.321,0.487,0.809,38,12.7465116279,0.771929824561,0.218,0.294871794872,5.83314938904
Steven,Souza,27,430,106,17,1,17,49,159,31,5,0,7,6,0,0,2,0.247,0.303,0.409,0.713,176,55.2252991453,0.645454545455,0.162,0.237209302326,4.49121408712
Denard,Span,32,567,149,23,4,11,51,77,53,4,2,12,7,0,6,2,0.263,0.329,0.376,0.705,213,74.8454113924,0.647058823529,0.113,0.215167548501,4.66703489052
Cory,Spangenberg,25,48,11,1,1,1,8,13,4,1,0,1,0,0,0,0,0.229,0.302,0.354,0.656,17,5.68150943396,0.621621621622,0.125,0.229166666667,4.1459663437
George,Springer,26,643,167,29,5,29,82,178,88,11,2,9,9,0,0,1,0.26,0.358,0.456,0.814,293,111.869367429,0.80824742268,0.196,0.332814930016,6.21496485719
Jacob,Stallings,26,15,6,1,0,0,2,4,0,0,0,1,0,0,0,0,0.4,0.4,0.467,0.867,7,3.008,0.888888888889,0.067,0.133333333333,9.024
Giancarlo,Stanton,26,413,99,20,1,27,74,140,49,4,4,0,0,0,0,2,0.24,0.325,0.489,0.814,202,70.0823931624,0.812101910828,0.249,0.36803874092,5.98805258033
Brock,Stewart,24,10,1,0,0,0,0,7,0,0,0,0,0,0,0,0,0.1,0.1,0.1,0.2,1,0.1,0.111111111111,0.0,0.0,0.3
Chris,Stewart,34,98,21,4,0,1,7,15,12,3,2,0,0,0,0,0,0.214,0.319,0.286,0.604,28,9.99716814159,0.558441558442,0.072,0.19387755102,3.50550051718
Trevor,Story,23,372,101,21,4,27,72,130,35,5,2,8,5,0,2,1,0.272,0.341,0.567,0.909,211,74.2592771084,0.920289855072,0.295,0.397849462366,7.18638165565
Dan,Straily,27,52,1,0,0,0,1,40,2,0,0,0,0,0,11,0,0.019,0.056,0.019,0.075,1,0.334153846154,0.0588235294118,0.0,0.0384615384615,0.145518610422
Stephen,Strasburg,27,48,10,1,0,0,2,11,2,0,0,0,0,0,7,0,0.208,0.24,0.229,0.469,11,3.19157894737,0.342105263158,0.021,0.0625,1.91494736842
Ross,Stripling,26,24,2,0,0,0,1,12,2,0,0,0,0,0,1,0,0.083,0.154,0.083,0.237,2,0.45037037037,0.181818181818,0.0,0.0833333333333,0.528695652174
Drew,Stubbs,31,80,18,0,0,3,7,38,12,1,0,9,0,0,0,1,0.225,0.33,0.338,0.667,27,11.7338297872,0.790322580645,0.113,0.375,5.02878419453
Albert,Suarez,26,21,4,2,0,0,2,11,0,0,0,0,0,0,3,0,0.19,0.19,0.286,0.476,6,1.26,0.352941176471,0.096,0.0952380952381,1.701
Eugenio,Suarez,24,562,139,24,2,21,69,155,50,8,0,11,5,0,0,3,0.247,0.316,0.409,0.725,230,77.7738683788,0.68691588785,0.162,0.261565836299,4.87214488684
Jesus,Sucre,28,25,12,2,0,1,5,5,2,2,0,0,0,0,0,0,0.48,0.552,0.68,1.232,17,9.95310344828,1.61538461538,0.2,0.28,20.6718302387
Andrew,Susac,26,12,3,1,0,0,0,2,2,0,0,0,0,0,0,0,0.25,0.357,0.333,0.69,4,1.61428571429,0.666666666667,0.083,0.25,4.84285714286
Ichiro,Suzuki,42,326,94,15,5,1,22,42,30,3,1,10,1,0,3,2,0.288,0.352,0.374,0.726,122,47.8107692308,0.703862660944,0.086,0.205521472393,5.42391079509
Kurt,Suzuki,32,345,89,24,1,8,49,48,18,5,0,0,0,0,1,4,0.258,0.301,0.403,0.704,139,44.3135656836,0.6328125,0.145,0.197101449275,4.58416196727
Dansby,Swanson,22,126,39,7,1,3,17,33,13,0,5,3,0,0,1,2,0.31,0.369,0.452,0.821,57,22.7774647887,0.83908045977,0.142,0.269841269841,6.83323943662
Blake,Swihart,24,62,16,0,3,0,5,17,11,0,0,0,1,0,0,1,0.258,0.365,0.355,0.72,22,8.9172972973,0.68085106383,0.097,0.258064516129,5.01597972973
Noah,Syndergaard,23,58,11,3,0,3,6,34,7,0,0,0,0,0,2,0,0.19,0.277,0.397,0.673,23,6.94746268657,0.63829787234,0.207,0.327586206897,3.82819372525
Matt,Szczur,26,182,47,8,1,5,22,38,13,1,2,2,4,0,1,0,0.258,0.311,0.396,0.707,72,22.1865989848,0.604316546763,0.138,0.197802197802,4.27884408992
Jameson,Taillon,24,32,3,0,0,0,2,17,0,0,0,0,0,0,4,0,0.094,0.094,0.094,0.188,3,0.423333333333,0.103448275862,0.0,0.0,0.346363636364
Raimel,Tapia,22,37,9,0,0,0,3,11,2,0,0,3,0,0,0,1,0.243,0.275,0.243,0.518,9,3.19,0.5,0.0,0.135135135135,2.97
Chris,Taylor,25,61,13,2,2,1,7,15,4,0,1,0,0,0,0,0,0.213,0.262,0.361,0.622,22,5.95784615385,0.541666666667,0.148,0.213114754098,3.35128846154
Michael,A.,25,221,51,11,0,7,16,77,14,1,0,14,3,0,0,1,0.231,0.278,0.376,0.654,83,25.1734177215,0.630057803468,0.145,0.257918552036,3.90621999127
Julio,Teheran,25,47,8,1,0,0,2,16,1,0,0,0,0,0,11,0,0.17,0.188,0.191,0.379,9,2.28508474576,0.25641025641,0.021,0.0425531914894,1.23394576271
Mark,Teixeira,36,384,79,16,0,15,44,105,47,2,1,2,0,0,0,2,0.206,0.294,0.365,0.659,140,45.4797241379,0.626229508197,0.159,0.286458333333,3.99984544536
Ruben,Tejada,26,66,11,5,0,0,5,13,7,1,0,0,0,0,1,3,0.167,0.247,0.242,0.489,16,4.91076923077,0.436363636364,0.075,0.181818181818,2.2473011734
Josh,Thole,29,118,20,3,0,1,7,28,13,1,0,0,0,0,2,2,0.169,0.254,0.22,0.474,26,7.93,0.408163265306,0.051,0.161016949153,2.09911764706
Jake,Thompson,22,14,2,1,0,0,0,5,0,0,0,0,0,0,3,0,0.143,0.143,0.214,0.357,3,0.536470588235,0.25,0.071,0.0714285714286,0.965647058824
Trayce,Thompson,25,236,53,11,0,13,32,66,26,0,0,5,1,0,0,0,0.225,0.302,0.436,0.738,103,33.4506870229,0.722826086957,0.211,0.338983050847,4.90852472619
Andrew,Toles,24,105,33,9,1,3,16,25,8,1,2,1,1,0,0,1,0.314,0.365,0.505,0.87,53,19.9153043478,0.849315068493,0.191,0.266666666667,7.26639482961
Yasmany,Tomas,25,526,143,30,1,31,83,135,31,1,4,2,3,0,0,1,0.272,0.313,0.51,0.823,268,85.1815384615,0.774611398964,0.238,0.294676806084,5.9428980322
Kelby,Tomlinson,26,106,31,4,0,0,6,18,12,1,1,5,1,0,1,0,0.292,0.37,0.33,0.7,35,14.7776666667,0.684210526316,0.038,0.188679245283,5.18177922078
Ronald,Torreyes,23,152,39,7,4,1,12,19,10,1,0,2,1,0,1,1,0.257,0.305,0.375,0.68,57,18.3943030303,0.605263157895,0.118,0.190789473684,4.28143260188
Devon,Travis,25,405,121,28,1,10,49,87,20,0,0,4,0,0,1,1,0.299,0.331,0.447,0.778,181,62.5155035129,0.721830985915,0.148,0.207407407407,5.9018132687
Mike,Trout,24,547,172,32,5,29,99,137,114,11,12,29,7,0,0,5,0.314,0.439,0.55,0.989,301,149.095125554,1.17277486911,0.236,0.484460694698,10.4019855038
Mark,Trumbo,30,609,156,27,1,47,108,169,51,3,1,2,0,0,0,0,0.256,0.317,0.535,0.852,326,107.952036199,0.843267108168,0.279,0.366174055829,6.43422732312
Preston,Tucker,25,134,22,8,1,4,8,40,8,2,0,0,0,0,0,0,0.164,0.222,0.328,0.551,44,10.3555555556,0.482142857143,0.164,0.223880597015,2.49642857143
Troy,Tulowitzki,31,488,123,20,0,24,78,101,43,5,1,1,0,0,0,4,0.252,0.317,0.441,0.757,215,72.7763333333,0.723287671233,0.189,0.27868852459,5.32509756098
Justin,Turner,31,553,152,34,3,27,90,106,48,10,1,4,1,0,0,8,0.275,0.339,0.494,0.833,273,99.2868174475,0.830845771144,0.219,0.31103074141,6.53840017337
Trea,Turner,23,304,104,14,8,13,39,59,12,1,0,32,4,0,0,2,0.342,0.367,0.569,0.936,173,68.7422570533,1.04901960784,0.227,0.358552631579,9.00990747786
Justin,Upton,28,566,140,28,2,31,87,176,50,4,3,9,2,0,0,2,0.247,0.312,0.468,0.78,265,87.6594212219,0.761682242991,0.221,0.321554770318,5.50419621626
Melvin,Upton,31,490,117,15,3,20,61,154,37,2,1,27,8,0,1,6,0.239,0.292,0.404,0.696,198,62.2814925373,0.671916010499,0.165,0.279591836735,4.33402138791
Jose,Urena,24,17,3,0,0,0,0,11,1,0,0,0,0,0,4,0,0.176,0.222,0.176,0.399,3,0.970909090909,0.285714285714,0.0,0.0588235294118,1.45636363636
Julio,Urias,19,22,3,0,0,0,2,9,0,0,0,0,0,0,4,0,0.136,0.136,0.136,0.273,3,0.586153846154,0.157894736842,0.0,0.0,0.688093645485
Juan,Uribe,37,238,49,9,0,7,25,49,15,3,1,0,0,0,0,3,0.206,0.259,0.332,0.591,79,21.9832432432,0.513227513228,0.126,0.189075630252,3.09139358108
Chase,Utley,37,510,129,26,3,14,52,114,40,11,1,2,1,0,1,1,0.253,0.32,0.398,0.718,203,69.3362699822,0.667539267016,0.145,0.225490196078,4.87520648313
Pat,Valaika,23,15,5,1,0,1,2,4,0,0,0,0,0,0,0,0,0.333,0.333,0.6,0.933,9,3.0,0.9,0.267,0.266666666667,8.1
Luis,Valbuena,30,292,76,17,1,13,40,81,44,1,2,1,1,0,3,2,0.26,0.357,0.459,0.816,134,52.0350877193,0.824884792627,0.199,0.349315068493,6.32859174964
Danny,Valencia,31,471,135,22,1,17,51,115,41,3,1,1,1,0,0,2,0.287,0.346,0.446,0.792,210,76.6880464217,0.753709198813,0.159,0.246284501062,6.10789750261
Scott,Van,29,102,23,6,0,1,7,24,5,5,1,1,2,0,0,1,0.225,0.292,0.314,0.606,32,9.70601769912,0.506172839506,0.089,0.127450980392,3.19588387654
Kennys,Vargas,25,147,35,11,0,10,20,55,24,0,1,0,0,0,0,1,0.238,0.343,0.517,0.86,76,28.2994186047,0.892857142857,0.279,0.442176870748,6.76180798518
Christian,Vazquez,25,172,39,9,1,1,12,39,10,2,1,0,0,0,0,0,0.227,0.277,0.308,0.585,53,15.4829347826,0.488721804511,0.081,0.139534883721,3.14315217391
Vince,Velasquez,24,40,8,1,0,0,0,16,1,0,0,0,0,0,3,0,0.2,0.22,0.225,0.445,9,2.21318181818,0.3125,0.025,0.05,1.70731168831
Will,Venable,33,18,1,1,0,0,0,5,0,1,0,0,0,0,0,0,0.056,0.105,0.111,0.216,2,0.237894736842,0.176470588235,0.055,0.0555555555556,0.377832817337
Logan,Verrett,26,19,1,1,0,0,0,12,0,0,0,0,0,0,3,0,0.053,0.053,0.105,0.158,2,0.161818181818,0.111111111111,0.052,0.0526315789474,0.208051948052
Jonathan,Villar,25,585,166,37,3,19,63,173,78,2,4,61,16,0,5,4,0.284,0.368,0.455,0.822,266,109.935905045,0.898850574713,0.171,0.381196581197,6.68529152298
Daniel,Vogelbach,23,11,1,0,0,0,0,5,1,0,0,0,0,0,0,0,0.091,0.167,0.091,0.258,1,0.21,0.2,0.0,0.0909090909091,0.567
Ryan,Vogelsong,38,17,0,0,0,0,1,12,1,1,0,0,0,0,2,0,0.0,0.105,0.0,0.105,0,0.148571428571,0.117647058824,0.0,0.0588235294118,0.211127819549
Stephen,Vogt,31,489,122,30,2,13,55,83,35,4,3,0,0,0,0,3,0.249,0.303,0.399,0.702,195,62.4352542373,0.637602179837,0.15,0.220858895706,4.55608612002
Joey,Votto,32,552,180,34,2,29,97,120,108,5,15,8,1,0,0,8,0.326,0.435,0.553,0.988,305,146.997919762,1.13941018767,0.227,0.434782608696,10.4171754162
Michael,Wacha,24,39,1,0,0,0,0,22,3,0,0,0,0,0,3,0,0.026,0.095,0.026,0.121,1,0.296888888889,0.105263157895,0.0,0.0769230769231,0.195512195122
Adam,Wainwright,34,60,13,7,1,2,18,17,2,0,0,0,0,0,5,0,0.217,0.242,0.467,0.709,28,6.9671641791,0.63829787234,0.25,0.283333333333,3.61756601607
Kyle,Waldrop,24,22,5,1,0,0,1,5,1,0,0,0,1,0,0,0,0.227,0.261,0.273,0.534,6,1.36086956522,0.333333333333,0.046,0.0454545454545,2.04130434783
Neil,Walker,30,412,116,9,1,23,55,84,42,1,3,3,0,0,0,3,0.282,0.347,0.476,0.823,196,72.7372925764,0.817567567568,0.194,0.303398058252,6.56825050021
Brett,Wallace,29,217,41,10,0,6,20,83,29,9,3,0,0,0,0,1,0.189,0.309,0.318,0.627,69,24.261640625,0.607954545455,0.129,0.26267281106,3.70092823093
Colin,Walsh,26,47,4,1,0,0,2,22,15,1,0,0,0,0,0,0,0.085,0.317,0.106,0.424,5,2.90793650794,0.488372093023,0.021,0.340425531915,1.82591362126
Luke,Weaver,22,13,5,0,0,0,0,4,0,0,0,0,0,0,0,0,0.385,0.385,0.385,0.769,5,1.92307692308,0.625,0.0,0.0,6.49038461538
Jemile,Weeks,29,50,7,1,1,0,2,14,3,1,0,1,0,0,3,0,0.14,0.204,0.2,0.404,10,2.53192982456,0.348837209302,0.06,0.14,1.48613272311
Rickie,Weeks,33,180,43,9,1,9,27,54,20,4,0,5,0,0,0,1,0.239,0.327,0.45,0.777,81,29.5322926829,0.802919708029,0.211,0.35,5.77805726405
Joey,Wendle,26,93,25,1,0,1,11,15,5,0,0,2,0,0,0,2,0.269,0.3,0.312,0.612,29,9.714,0.529411764706,0.043,0.118279569892,3.74682857143
Jayson,Werth,37,525,128,28,0,21,69,139,71,4,0,5,0,0,0,6,0.244,0.335,0.417,0.752,219,81.809669967,0.75314861461,0.173,0.318095238095,5.48104488613
Rob,Whalen,22,10,2,0,0,0,0,3,0,0,0,0,0,0,1,0,0.2,0.2,0.2,0.4,2,0.458181818182,0.25,0.0,0.0,1.37454545455
Tyler,White,25,245,54,16,0,8,28,64,23,2,1,1,0,0,0,2,0.22,0.29,0.384,0.674,94,29.5669117647,0.628272251309,0.164,0.261224489796,4.13630371838
Matt,Wieters,30,419,101,17,1,15,62,85,32,5,1,1,0,0,1,3,0.241,0.301,0.394,0.694,165,53.088,0.638364779874,0.153,0.231503579952,4.45147826087
Andy,Wilkins,27,24,3,1,0,1,3,10,3,0,0,1,0,0,0,0,0.125,0.222,0.292,0.514,7,1.84444444444,0.52380952381,0.167,0.333333333333,2.37142857143
Mason,Williams,24,27,8,1,0,0,2,12,1,0,0,0,0,0,1,0,0.296,0.321,0.333,0.655,9,3.03517241379,0.526315789474,0.037,0.0740740740741,4.09748275862
Mac,Williamson,25,112,25,3,0,6,15,35,13,2,0,0,0,0,0,0,0.223,0.315,0.411,0.726,46,15.7165354331,0.701149425287,0.188,0.303571428571,4.87754547923
Bobby,Wilson,33,228,54,6,0,7,33,64,11,1,0,0,0,0,7,4,0.237,0.27,0.355,0.626,81,23.6232669323,0.534482758621,0.118,0.166666666667,3.44772003876
Matt,Wisler,23,46,7,0,0,0,2,21,1,0,0,0,0,0,5,1,0.152,0.167,0.152,0.319,7,1.56679245283,0.205128205128,0.0,0.0217391304348,0.940075471698
Tony,Wolters,24,205,53,15,2,3,30,53,21,0,2,4,0,0,4,0,0.259,0.327,0.395,0.723,81,28.9886956522,0.697368421053,0.136,0.258536585366,5.01727424749
Kolten,Wong,25,313,75,7,7,5,23,52,34,9,2,7,0,0,0,5,0.24,0.327,0.355,0.682,111,41.8066481994,0.676470588235,0.115,0.246006389776,4.64518313327
Alex,Wood,25,16,4,0,0,0,2,9,1,0,0,0,0,0,2,0,0.25,0.294,0.25,0.544,4,1.39473684211,0.416666666667,0.0,0.0625,2.68984962406
Travis,Wood,29,10,2,0,0,0,1,4,1,0,0,0,0,0,0,0,0.2,0.273,0.2,0.473,2,0.616363636364,0.375,0.0,0.1,2.08022727273
Danny,Worth,30,39,7,2,0,0,1,6,1,0,0,0,0,0,0,0,0.179,0.2,0.231,0.431,9,1.852,0.3125,0.052,0.0769230769231,1.562625
David,Wright,33,137,31,8,0,7,14,55,26,0,0,3,2,0,0,0,0.226,0.35,0.438,0.788,60,23.0527607362,0.805555555556,0.212,0.408759124088,5.76319018405
Christian,Yelich,24,573,169,38,2,21,97,137,72,4,4,9,4,0,0,5,0.295,0.375,0.478,0.853,274,110.550458716,0.870098039216,0.183,0.317626527051,7.22726969811
Chris,Young,32,202,55,18,0,9,24,50,21,3,0,3,2,0,0,0,0.272,0.35,0.495,0.845,100,36.7283185841,0.838926174497,0.223,0.331683168317,6.65546712597
Ryan,Zimmerman,31,425,92,18,1,15,46,104,29,5,1,4,1,0,0,6,0.216,0.271,0.369,0.64,157,45.9086021505,0.580838323353,0.153,0.228235294118,3.64568311195
Ben,Zobrist,35,521,142,31,3,18,76,80,95,4,6,6,3,0,4,4,0.273,0.386,0.447,0.833,233,100.225286624,0.876963350785,0.174,0.362763915547,6.93867368937
Mike,Zunino,25,163,34,7,0,12,31,64,21,6,0,0,0,0,0,1,0.209,0.319,0.472,0.792,77,26.9996858639,0.806201550388,0.263,0.39263803681,5.60762706404
