AB,H,2B,3B,HR,BB,HBP,IBB,SB,CS,GIDP,SH,SF,BA,OBP,SLG,OPS,TB,RC,TA,ISO,SECA,RC27,HIT
352,89,27,1,12,23,7,6,1,0,0,0,4,0.253,0.308,0.438,0.746,154,50.2019689119,0.703422053232,0.185,0.252840909091,5.07660359783,0
158,41,10,0,7,11,2,0,2,1,0,0,1,0.259,0.314,0.456,0.77,72,23.708255814,0.728813559322,0.197,0.272151898734,5.37918409224,1
180,51,8,0,13,18,2,0,0,0,0,0,0,0.283,0.355,0.544,0.899,98,36.636,0.914728682171,0.261,0.361111111111,7.668,0
188,49,14,1,4,14,1,2,4,0,0,3,1,0.261,0.314,0.41,0.723,77,26.1379710145,0.690647482014,0.149,0.244680851064,4.93514138036,0
257,79,16,0,23,29,3,0,0,0,0,0,7,0.307,0.375,0.638,1.013,164,65.985,1.10112359551,0.331,0.443579766537,9.63024324324,1
297,68,18,3,12,24,1,1,2,3,0,1,2,0.229,0.287,0.431,0.718,128,37.8941538462,0.655172413793,0.202,0.279461279461,4.35379639935,0
393,113,29,3,20,19,4,0,9,3,0,1,3,0.288,0.325,0.529,0.854,208,69.901,0.837455830389,0.241,0.30534351145,6.57605226481,1
217,53,11,1,5,10,5,5,0,0,0,0,0,0.244,0.293,0.373,0.666,81,24.5034482759,0.585365853659,0.129,0.175115207373,4.03410428932,0
271,86,19,1,4,17,1,1,1,2,0,1,3,0.317,0.356,0.439,0.795,119,43.870443686,0.727272727273,0.122,0.180811808118,6.20158104462,0
290,74,14,0,13,30,1,1,0,0,0,0,3,0.255,0.324,0.438,0.762,127,44.1907407407,0.731481481481,0.183,0.286206896552,5.44817351598,1
198,34,7,1,6,33,2,0,1,2,0,0,2,0.172,0.294,0.308,0.602,61,20.4307234043,0.572289156627,0.136,0.29797979798,3.28350911854,0
374,125,23,2,9,39,2,3,14,1,0,3,1,0.334,0.399,0.479,0.878,179,78.0658711217,0.932,0.145,0.283422459893,8.29834063105,1
365,105,22,3,7,37,8,2,2,1,0,0,1,0.288,0.365,0.422,0.787,154,60.4483211679,0.766283524904,0.134,0.238356164384,6.22940714326,1
320,79,12,2,13,23,4,1,21,4,0,1,1,0.247,0.305,0.419,0.723,134,44.6344985673,0.726530612245,0.172,0.296875,4.87907474218,1
139,36,8,1,2,11,2,0,1,1,0,0,1,0.259,0.32,0.374,0.694,52,17.7003921569,0.625,0.115,0.194244604317,4.55152941176,1
305,85,26,2,12,14,2,1,1,0,0,0,2,0.279,0.313,0.495,0.808,151,48.9240247678,0.763636363636,0.216,0.265573770492,5.95021922852,1
203,40,5,0,2,9,0,0,3,2,0,0,0,0.197,0.231,0.251,0.482,51,12.1712264151,0.369696969697,0.054,0.103448275862,1.99165523156,0
327,102,19,2,23,48,0,4,2,1,0,0,3,0.312,0.397,0.593,0.99,194,82.0051851852,1.07522123894,0.281,0.43119266055,9.66873362445,1
181,49,6,1,6,15,4,2,9,2,0,1,0,0.271,0.34,0.414,0.754,75,27.7856716418,0.753731343284,0.143,0.265193370166,5.55713432836,0
329,95,23,6,18,13,5,5,17,1,0,0,3,0.289,0.323,0.559,0.882,184,63.2896,0.927659574468,0.27,0.358662613982,7.17991260504,1
138,29,4,0,1,20,5,3,2,1,0,0,0,0.21,0.331,0.261,0.592,36,13.9035582822,0.563636363636,0.051,0.202898550725,3.41269157836,0
278,71,13,1,5,32,2,1,0,1,0,3,3,0.255,0.333,0.363,0.697,101,36.8578616352,0.644230769231,0.108,0.219424460432,4.65029095398,1
148,31,11,0,6,34,1,2,2,2,0,0,1,0.209,0.359,0.405,0.764,60,24.3965217391,0.798319327731,0.196,0.425675675676,5.4892173913,0
148,31,6,0,2,11,0,0,1,1,0,0,1,0.209,0.263,0.291,0.553,43,12.018125,0.457627118644,0.082,0.155405405405,2.72680147059,0
311,78,19,3,5,38,0,0,0,0,0,0,5,0.251,0.328,0.379,0.707,118,42.7561581921,0.669527896996,0.128,0.250803858521,4.8504885344,1
328,80,21,4,17,40,1,1,5,0,0,0,2,0.244,0.326,0.488,0.814,160,56.7623719677,0.83064516129,0.244,0.381097560976,6.13033617251,1
286,85,16,1,13,42,4,6,2,0,0,0,2,0.297,0.392,0.497,0.889,142,60.5894610778,0.945273631841,0.2,0.353146853147,8.0586967936,0
222,64,11,1,4,21,3,2,0,0,0,0,6,0.288,0.349,0.401,0.75,89,34.1663492063,0.715189873418,0.113,0.207207207207,5.62494773519,1
346,104,25,5,14,49,1,1,17,1,0,0,5,0.301,0.384,0.523,0.907,181,78.2856359102,1.01646090535,0.222,0.410404624277,8.52303294184,1
286,100,25,1,22,43,5,4,16,2,0,0,3,0.35,0.439,0.675,1.114,193,92.8508011869,1.35638297872,0.325,0.524475524476,13.125505927,1
349,99,10,4,18,35,4,1,5,3,0,0,1,0.284,0.355,0.49,0.845,171,63.8560411311,0.837944664032,0.206,0.312320916905,6.78784689189,1
120,29,4,3,1,8,0,0,3,2,0,1,0,0.242,0.289,0.35,0.639,42,12.5240310078,0.548387096774,0.108,0.183333333333,3.59732805542,0
293,83,25,2,14,29,5,3,2,1,0,0,3,0.283,0.355,0.526,0.88,154,57.8804848485,0.895734597156,0.243,0.344709897611,7.3026779949,1
310,73,10,1,15,60,0,5,1,0,0,0,1,0.235,0.358,0.419,0.778,130,52.1030188679,0.805907172996,0.184,0.38064516129,5.91084667829,1
267,54,15,1,6,26,9,2,10,0,0,0,3,0.202,0.292,0.333,0.625,89,30.4467540984,0.629107981221,0.131,0.265917602996,3.8058442623,0
326,100,24,1,11,23,2,0,5,2,0,0,4,0.307,0.352,0.488,0.84,159,58.9637746479,0.820175438596,0.181,0.260736196319,6.86216342885,1
234,55,13,1,10,17,0,2,7,3,0,0,3,0.235,0.283,0.427,0.711,100,29.6374015748,0.664835164835,0.192,0.282051282051,4.32545860821,0
358,102,29,1,19,53,6,0,8,3,0,0,1,0.285,0.385,0.531,0.916,190,79.3855502392,0.980694980695,0.246,0.40782122905,8.24388406331,1
290,54,6,4,10,14,4,2,1,0,0,0,2,0.186,0.232,0.338,0.57,98,24.0898064516,0.495762711864,0.152,0.203448275862,2.73287720249,0
212,45,12,1,3,24,0,3,2,1,0,0,0,0.212,0.292,0.321,0.613,68,21.4661016949,0.553571428571,0.109,0.22641509434,3.44990920097,0
269,75,20,3,10,36,11,5,2,3,0,0,2,0.279,0.384,0.487,0.871,131,53.8867924528,0.89847715736,0.208,0.338289962825,7.31127334787,1
336,94,19,1,16,24,1,1,0,0,0,0,2,0.28,0.328,0.485,0.813,163,55.8218181818,0.776859504132,0.205,0.276785714286,6.17700447094,0
133,40,11,0,3,22,0,4,0,0,0,0,1,0.301,0.397,0.451,0.849,60,25.9128205128,0.881720430108,0.15,0.315789473684,7.44304418985,0
278,83,15,0,8,46,3,0,17,1,0,0,1,0.299,0.402,0.439,0.841,122,57.5521341463,0.954081632653,0.14,0.363309352518,7.88785594899,1
242,43,4,1,6,17,0,0,4,0,0,0,3,0.178,0.229,0.277,0.506,67,17.1893129771,0.442211055276,0.099,0.185950413223,2.29758143753,0
222,56,11,1,9,33,2,2,0,1,0,0,1,0.252,0.353,0.432,0.785,96,36.6627906977,0.778443113772,0.18,0.324324324324,5.89223421927,1
298,67,17,3,12,38,6,0,1,1,0,0,1,0.225,0.324,0.423,0.746,126,44.4104956268,0.73275862069,0.198,0.325503355705,5.14628060912,0
233,60,14,0,11,23,4,3,0,1,0,0,1,0.258,0.333,0.459,0.793,107,37.484137931,0.764367816092,0.201,0.296137339056,5.78326699507,0
143,41,10,0,4,21,3,2,0,0,0,0,2,0.287,0.385,0.441,0.825,63,26.8307692308,0.852941176471,0.154,0.300699300699,6.96568047337,0
309,81,27,0,17,54,1,3,0,0,0,0,2,0.262,0.372,0.515,0.886,159,64.4922404372,0.938596491228,0.253,0.427184466019,7.57082822523,1
367,112,29,3,15,25,5,3,1,0,0,0,0,0.305,0.358,0.523,0.881,192,71.3719899244,0.874509803922,0.218,0.288828337875,7.55703422729,1
116,31,5,0,6,6,1,0,0,0,0,0,0,0.267,0.309,0.466,0.774,54,17.245203252,0.717647058824,0.199,0.25,5.47788809182,0
372,110,22,1,7,30,0,1,4,1,0,0,6,0.296,0.343,0.417,0.76,155,57.1467156863,0.714828897338,0.121,0.209677419355,5.73591570085,1
186,46,8,3,9,33,9,1,1,1,0,0,3,0.247,0.381,0.468,0.849,87,37.5644155844,0.914893617021,0.221,0.397849462366,7.04332792208,0
137,35,6,0,8,12,1,2,3,0,0,0,2,0.255,0.316,0.474,0.79,65,22.2505263158,0.794117647059,0.219,0.328467153285,5.77657894737,0
274,69,15,3,10,33,6,0,1,1,0,0,1,0.252,0.344,0.438,0.782,120,44.7014649682,0.771844660194,0.186,0.306569343066,5.83062586541,1
218,45,12,1,11,25,11,0,1,0,0,0,1,0.206,0.318,0.422,0.74,92,32.5270588235,0.745664739884,0.216,0.334862385321,5.04730223124,1
338,98,20,0,17,58,4,2,3,0,0,1,1,0.29,0.399,0.5,0.899,169,74.5074626866,0.975,0.21,0.390532544379,8.31281608486,0
275,59,10,0,10,50,3,5,2,2,0,0,2,0.215,0.339,0.36,0.699,99,37.8533333333,0.697247706422,0.145,0.327272727273,4.64563636364,0
287,80,19,5,7,33,8,1,3,1,0,2,2,0.279,0.367,0.453,0.82,130,52.0626506024,0.831730769231,0.174,0.296167247387,6.63062059559,0
139,33,5,1,7,14,0,0,5,2,0,1,0,0.237,0.307,0.439,0.746,61,19.8,0.722222222222,0.202,0.323741007194,4.90458715596,0
269,72,16,1,13,37,2,2,2,0,0,0,7,0.268,0.352,0.48,0.832,129,50.4961904762,0.862944162437,0.212,0.35687732342,6.68331932773,0
224,49,13,2,5,19,7,0,0,0,0,0,3,0.219,0.296,0.362,0.658,81,26.4782608696,0.611428571429,0.143,0.227678571429,4.0163654128,0
319,94,21,2,10,31,5,10,3,3,0,0,4,0.295,0.362,0.467,0.829,149,56.3894150418,0.811403508772,0.172,0.269592476489,6.56256123331,1
320,81,17,0,18,22,14,0,1,1,0,0,3,0.253,0.326,0.475,0.801,152,52.8106963788,0.783333333333,0.222,0.290625,5.8678551532,1
283,75,10,1,22,32,11,4,1,0,0,0,1,0.265,0.361,0.541,0.901,153,59.245382263,0.947115384615,0.276,0.39222614841,7.65370967034,1
125,32,4,1,2,5,1,0,0,0,0,0,0,0.256,0.29,0.352,0.642,44,13.2158778626,0.537634408602,0.096,0.136,3.83686776656,0
160,43,11,2,4,12,1,1,3,1,0,0,0,0.269,0.324,0.438,0.761,70,23.7421965318,0.720338983051,0.169,0.25625,5.43253649456,0
250,55,14,0,14,39,4,0,0,0,0,0,2,0.22,0.332,0.444,0.776,111,40.9341016949,0.789743589744,0.224,0.38,5.6102575927,0
278,44,7,0,9,25,3,2,0,0,0,0,2,0.158,0.234,0.281,0.514,78,20.0571428571,0.452991452991,0.123,0.212230215827,2.29467312349,0
320,80,19,1,21,30,8,1,0,0,0,0,3,0.25,0.327,0.513,0.839,164,57.2610526316,0.841666666667,0.263,0.35625,6.36233918129,1
140,35,4,0,1,9,3,0,16,4,0,3,1,0.25,0.307,0.3,0.607,42,15.3035897436,0.605504587156,0.05,0.2,3.65660993873,0
170,45,8,0,8,18,5,1,0,0,0,0,0,0.265,0.352,0.453,0.805,77,29.1448704663,0.8,0.188,0.294117647059,6.29529202073,1
223,58,15,4,9,38,2,1,0,1,0,0,7,0.26,0.363,0.484,0.847,108,43.7505925926,0.885542168675,0.224,0.390134529148,6.82812716763,1
259,55,10,1,2,33,3,0,16,3,0,9,1,0.212,0.307,0.282,0.589,73,27.6637377049,0.589371980676,0.07,0.247104247104,3.44203188034,0
318,71,10,2,18,31,4,0,9,3,0,0,2,0.223,0.299,0.437,0.736,139,44.6294647887,0.72,0.214,0.330188679245,4.78172837022,1
340,82,20,0,14,25,0,4,5,0,0,0,2,0.241,0.292,0.424,0.715,144,44.6367847411,0.674418604651,0.183,0.270588235294,4.63535841543,0
220,54,11,0,8,10,2,1,1,2,0,0,1,0.245,0.283,0.405,0.688,89,25.5175965665,0.595238095238,0.16,0.2,4.07677578282,1
145,42,8,0,7,11,1,0,0,0,0,0,2,0.29,0.34,0.49,0.829,71,25.5260377358,0.805825242718,0.2,0.275862068966,6.56383827493,0
307,95,19,5,6,13,4,3,5,2,0,0,2,0.309,0.344,0.463,0.806,142,50.3705521472,0.757009345794,0.154,0.205211726384,6.2963190184,0
318,91,17,1,11,18,14,1,1,0,0,0,2,0.286,0.349,0.45,0.799,143,53.3302840909,0.775330396476,0.164,0.223270440252,6.28785008932,0
266,66,8,4,3,21,1,2,5,2,0,2,2,0.248,0.303,0.342,0.646,91,29.7112328767,0.574257425743,0.094,0.184210526316,3.89419071685,1
137,32,11,0,5,21,0,2,2,0,0,0,1,0.234,0.333,0.423,0.757,58,21.5,0.771428571429,0.189,0.357664233577,5.47641509434,0
350,80,18,2,15,40,3,0,5,2,0,0,1,0.229,0.312,0.42,0.732,147,49.5362944162,0.709558823529,0.191,0.314285714286,4.89919395325,1
164,35,7,1,4,13,0,0,0,2,0,0,0,0.213,0.271,0.341,0.613,56,15.4320903955,0.511450381679,0.128,0.19512195122,3.1806598525,0
185,44,8,1,7,12,7,0,0,0,0,0,1,0.238,0.307,0.405,0.713,75,24.7267317073,0.666666666667,0.167,0.232432432432,4.70156166266,0
300,93,16,1,4,22,4,1,6,3,0,0,1,0.31,0.364,0.41,0.774,123,47.2300917431,0.72380952381,0.1,0.183333333333,6.04366102874,1
284,57,14,0,14,29,3,3,2,2,0,0,1,0.201,0.281,0.398,0.679,113,33.5100946372,0.633187772926,0.197,0.299295774648,3.93379371828,0
206,39,4,2,2,27,0,2,16,3,0,3,1,0.189,0.282,0.257,0.539,53,18.5810126582,0.547058823529,0.068,0.26213592233,2.8832605849,0
117,37,5,0,2,10,4,0,1,1,0,0,0,0.316,0.389,0.41,0.8,48,19.9083969466,0.765432098765,0.094,0.179487179487,6.63613231552,1
105,31,5,0,1,18,1,1,0,0,0,2,1,0.295,0.4,0.371,0.771,39,17.811023622,0.783783783784,0.076,0.247619047619,6.24542386747,0
308,70,11,0,20,35,3,2,0,0,0,0,4,0.227,0.309,0.458,0.766,141,47.0386285714,0.752100840336,0.231,0.344155844156,5.24811145218,1
241,54,11,2,2,13,6,0,10,2,0,6,1,0.224,0.28,0.311,0.591,75,23.608164794,0.539682539683,0.087,0.174273858921,3.25214515019,0
320,64,12,2,3,17,5,1,3,1,0,2,3,0.2,0.249,0.278,0.527,89,24.1576368876,0.439688715953,0.078,0.1375,2.48952746552,1
331,90,35,2,14,27,2,5,1,2,0,0,3,0.272,0.328,0.517,0.844,171,57.7973553719,0.818930041152,0.245,0.323262839879,6.34361217496,0
169,36,9,0,6,7,2,0,4,0,0,1,0,0.213,0.253,0.373,0.626,63,17.0798882682,0.571428571429,0.16,0.224852071006,3.44147002418,0
138,34,6,0,2,16,1,4,3,1,0,0,1,0.246,0.327,0.333,0.66,46,16.4935897436,0.619047619048,0.087,0.217391304348,4.20119738752,0
198,54,16,0,8,17,1,0,0,0,0,0,4,0.273,0.327,0.475,0.802,94,32.976,0.777777777778,0.202,0.287878787879,6.01589189189,1
127,30,5,0,4,20,6,0,0,0,0,0,0,0.236,0.366,0.37,0.736,47,19.6768627451,0.752577319588,0.134,0.291338582677,5.47706488781,1
168,34,10,0,2,14,0,1,2,0,0,0,1,0.202,0.262,0.298,0.56,50,14.4104918033,0.492537313433,0.096,0.190476190476,2.88209836066,1
230,39,8,0,6,29,3,0,3,2,0,0,3,0.17,0.268,0.283,0.551,65,19.903245283,0.507772020725,0.113,0.24347826087,2.74177358491,0
166,40,3,1,6,7,1,0,5,4,0,0,2,0.241,0.273,0.38,0.652,63,17.18,0.553846153846,0.139,0.186746987952,3.51409090909,0
263,72,12,1,12,20,0,6,0,0,0,0,3,0.274,0.322,0.464,0.786,122,40.9174825175,0.743455497382,0.19,0.266159695817,5.69470117511,1
138,33,3,2,3,15,2,0,0,1,0,1,0,0.239,0.323,0.355,0.678,49,16.9426923077,0.61320754717,0.116,0.217391304348,4.27525880661,0
226,49,8,0,10,27,2,0,5,1,0,0,5,0.217,0.3,0.385,0.685,87,29.5383846154,0.674157303371,0.168,0.305309734513,4.3581223203,0
351,110,24,3,16,52,3,9,6,2,0,0,2,0.313,0.404,0.536,0.94,188,81.5479411765,1.01646090535,0.223,0.381766381766,8.98691596639,1
147,40,6,0,5,12,1,1,0,0,0,0,2,0.272,0.327,0.415,0.742,61,21.3177777778,0.691588785047,0.143,0.224489795918,5.28055045872,1
306,57,13,1,21,44,3,3,3,1,0,0,0,0.186,0.295,0.441,0.736,135,43.1841359773,0.736,0.255,0.40522875817,4.66388668555,0
341,79,15,3,4,29,1,1,3,4,0,1,4,0.232,0.291,0.328,0.619,112,34.5438829787,0.53007518797,0.096,0.178885630499,3.44164147758,0
176,48,9,3,1,17,3,1,5,2,0,0,0,0.273,0.347,0.375,0.722,66,24.7634693878,0.684615384615,0.102,0.215909090909,5.14318210361,0
142,40,6,2,9,2,2,0,0,0,0,0,2,0.282,0.297,0.542,0.84,77,23.5102702703,0.794117647059,0.26,0.274647887324,6.10362785863,0
170,46,4,2,3,6,3,0,9,0,0,1,0,0.271,0.307,0.371,0.678,63,21.5538888889,0.653225806452,0.1,0.188235294118,4.65564,0
299,76,13,3,7,42,3,0,9,1,0,3,3,0.254,0.349,0.388,0.737,116,46.4571428571,0.754464285714,0.134,0.301003344482,5.45366459627,0
163,42,8,0,4,16,2,2,0,0,0,0,0,0.258,0.331,0.38,0.712,62,21.9314917127,0.661157024793,0.122,0.220858895706,4.89380393589,0
278,68,15,0,18,22,3,1,1,0,0,0,5,0.245,0.302,0.493,0.795,137,44.1931168831,0.77619047619,0.248,0.330935251799,5.549833283,0
340,111,20,0,15,25,2,3,2,0,0,3,4,0.326,0.372,0.518,0.89,176,68.9704812834,0.89519650655,0.192,0.270588235294,7.89069065531,1
123,30,3,2,0,10,1,0,10,3,0,1,0,0.244,0.306,0.301,0.607,37,12.8299259259,0.572916666667,0.057,0.19512195122,3.57121649485,0
341,96,19,4,21,55,5,5,2,2,0,0,0,0.282,0.389,0.545,0.934,186,77.3225935162,0.995951417004,0.263,0.425219941349,8.45226730744,1
235,59,16,0,10,17,5,2,0,0,0,0,1,0.251,0.314,0.447,0.761,105,34.7609302326,0.721590909091,0.196,0.268085106383,5.30251478124,1
262,54,9,2,7,17,11,0,6,2,0,1,0,0.206,0.283,0.336,0.619,88,27.1945017182,0.571428571429,0.13,0.209923664122,3.47986514878,0
169,40,5,0,6,15,1,3,0,0,0,0,2,0.237,0.299,0.373,0.672,63,20.1899465241,0.612403100775,0.136,0.224852071006,4.16128668817,0
244,67,13,2,10,17,0,3,3,1,0,0,2,0.275,0.319,0.467,0.787,114,37.9464638783,0.747191011236,0.192,0.270491803279,5.69196958175,1
282,64,12,3,6,32,1,2,2,1,0,4,2,0.227,0.306,0.355,0.661,100,33.5611214953,0.611872146119,0.128,0.244680851064,4.02733457944,0
238,61,20,2,8,23,2,1,7,1,0,0,2,0.256,0.325,0.458,0.783,109,38.4649056604,0.786516853933,0.202,0.323529411765,5.76973584906,1
262,65,9,0,6,24,7,2,4,1,0,0,0,0.248,0.328,0.351,0.679,92,32.9484641638,0.636363636364,0.103,0.206106870229,4.49297238598,0
342,97,14,3,1,6,5,0,22,6,0,7,3,0.284,0.303,0.351,0.654,120,39.1983471074,0.585657370518,0.067,0.131578947368,4.05500142491,1
251,61,14,1,12,35,3,1,1,1,0,0,2,0.243,0.34,0.45,0.79,113,41.8200687285,0.79057591623,0.207,0.346613545817,5.85047593611,0
216,52,14,1,9,34,2,0,1,1,0,1,0,0.241,0.349,0.44,0.789,95,36.2442687747,0.793939393939,0.199,0.356481481481,5.8951521501,0
335,87,18,2,15,32,2,3,10,6,0,0,7,0.26,0.322,0.46,0.782,154,52.2699468085,0.755905511811,0.2,0.307462686567,5.40723587674,1
185,37,10,0,11,14,4,0,3,0,0,0,2,0.2,0.268,0.432,0.701,80,23.4165853659,0.682432432432,0.232,0.324324324324,4.21498536585,0
225,54,11,1,4,28,0,0,0,0,0,0,3,0.24,0.32,0.351,0.671,79,28.13625,0.625730994152,0.111,0.235555555556,4.36596982759,0
300,92,23,0,6,13,3,0,3,1,0,0,3,0.307,0.339,0.443,0.782,133,47.0531661442,0.722488038278,0.136,0.186666666667,5.99262021648,1
210,54,10,2,8,20,3,2,1,0,0,0,1,0.257,0.329,0.438,0.767,92,32.4123931624,0.74358974359,0.181,0.280952380952,5.57410583048,0
199,51,11,1,7,19,1,0,1,0,0,0,2,0.256,0.321,0.427,0.748,85,29.4794570136,0.716216216216,0.171,0.27135678392,5.30630226244,0
283,66,6,5,3,33,1,0,22,4,0,0,1,0.233,0.314,0.322,0.636,91,33.7509433962,0.647058823529,0.089,0.268551236749,4.10484446711,1
332,91,17,2,18,42,5,3,4,1,0,0,4,0.274,0.36,0.5,0.86,166,64.9587467363,0.892561983471,0.226,0.361445783133,7.12961854423,1
151,42,13,2,6,7,0,0,4,0,0,1,2,0.278,0.306,0.51,0.816,77,25.0965217391,0.807339449541,0.232,0.304635761589,6.05005434783,1
226,57,11,1,10,44,1,8,4,1,0,0,0,0.252,0.376,0.442,0.819,100,41.6298892989,0.870588235294,0.19,0.398230088496,6.61180594747,0
314,67,14,0,22,78,3,12,6,2,0,0,6,0.213,0.369,0.468,0.837,147,62.3248877805,0.931726907631,0.255,0.515923566879,6.599105765,0
227,58,7,1,4,8,5,1,3,0,0,1,4,0.256,0.291,0.348,0.639,79,25.0035918367,0.562130177515,0.092,0.140969162996,3.8798676988,1
290,70,9,0,18,11,1,0,0,0,0,0,1,0.241,0.271,0.459,0.729,133,36.9784818482,0.659090909091,0.218,0.255172413793,4.51773307648,0
188,47,6,0,3,10,0,1,0,0,0,2,5,0.25,0.281,0.33,0.611,62,18.9017560976,0.510638297872,0.08,0.132978723404,3.44829334212,0
200,46,9,1,2,24,3,0,1,3,0,6,2,0.23,0.319,0.315,0.634,63,22.2510638298,0.56050955414,0.085,0.195,3.64108317215,0
345,91,12,1,8,58,2,2,14,2,0,0,1,0.264,0.372,0.374,0.746,129,55.7392118227,0.78515625,0.11,0.313043478261,5.85587050277,1
226,52,7,1,15,28,0,2,1,0,0,1,2,0.23,0.313,0.469,0.782,106,35.7478599222,0.775862068966,0.239,0.367256637168,5.45306337796,1
249,69,10,1,11,17,2,1,4,0,0,2,2,0.277,0.326,0.458,0.784,114,39.7423529412,0.761111111111,0.181,0.265060240964,5.83175831202,1
293,75,20,6,13,18,3,0,3,2,0,0,1,0.256,0.305,0.498,0.803,146,45.8182857143,0.763636363636,0.242,0.307167235495,5.59770911441,1
349,97,14,2,16,24,4,0,5,2,0,1,1,0.278,0.331,0.467,0.798,163,56.4436939314,0.763779527559,0.189,0.266475644699,5.95304584433,1
264,75,15,3,6,25,1,1,0,0,0,2,2,0.284,0.346,0.432,0.778,114,42.1108163265,0.740740740741,0.148,0.242424242424,5.89115047055,1
256,65,12,2,16,39,2,0,7,0,0,1,4,0.254,0.352,0.504,0.856,129,51.2099337748,0.926701570681,0.25,0.4296875,7.05442965266,0
237,66,11,1,8,17,0,0,0,0,0,1,1,0.278,0.325,0.435,0.76,103,35.164765625,0.701754385965,0.157,0.227848101266,5.48814261199,1
170,49,12,1,1,19,3,1,4,3,0,0,2,0.288,0.366,0.388,0.754,66,26.141443299,0.717741935484,0.1,0.217647058824,5.60173784978,0
293,75,21,0,14,49,5,1,4,1,0,0,4,0.256,0.368,0.471,0.839,138,56.867008547,0.890410958904,0.215,0.392491467577,6.88524318731,0
352,89,23,1,9,37,0,6,4,2,0,0,0,0.253,0.324,0.401,0.724,141,48.1783033419,0.679245283019,0.148,0.258522727273,4.90873279333,0
141,36,7,1,8,9,0,1,0,0,0,0,0,0.255,0.3,0.489,0.789,69,21.324,0.742857142857,0.234,0.297872340426,5.48331428571,0
184,43,9,0,7,25,4,3,0,0,0,1,1,0.234,0.336,0.397,0.733,73,27.0586046512,0.723404255319,0.163,0.298913043478,5.10896731176,0
313,85,22,3,2,13,6,0,12,3,0,2,2,0.272,0.311,0.38,0.692,119,39.7567261905,0.636363636364,0.108,0.178913738019,4.56779407295,0
358,88,13,2,6,33,5,1,23,8,0,1,1,0.246,0.317,0.344,0.661,123,43.1737688442,0.63309352518,0.098,0.231843575419,4.16318485284,1
149,36,8,0,0,14,1,2,2,0,0,0,1,0.242,0.309,0.295,0.604,44,15.1269090909,0.53982300885,0.053,0.161073825503,3.58268899522,0
196,53,6,2,1,25,1,0,14,3,0,1,0,0.27,0.356,0.337,0.693,66,27.455426009,0.705479452055,0.067,0.25,5.04283334859,1
356,100,14,3,2,26,13,0,4,2,0,4,2,0.281,0.35,0.354,0.704,126,48.2882294264,0.647286821705,0.073,0.151685393258,4.93856891861,0
363,101,24,0,10,11,3,0,1,0,0,0,2,0.278,0.303,0.427,0.73,155,48.6094986807,0.648854961832,0.149,0.181818181818,4.97142600144,0
284,62,17,4,7,14,8,0,7,5,0,1,2,0.218,0.273,0.38,0.653,108,30.4034951456,0.581497797357,0.162,0.218309859155,3.56910595188,1
192,39,9,0,7,30,1,1,0,1,0,1,2,0.203,0.311,0.359,0.67,69,23.9240707965,0.642857142857,0.156,0.307291666667,4.11433064652,0
335,94,18,0,25,66,2,3,6,2,0,0,3,0.281,0.399,0.558,0.957,187,82.1990147783,1.0658436214,0.277,0.486567164179,9.02184308543,1
284,89,18,0,15,20,1,1,0,0,0,0,5,0.313,0.355,0.535,0.89,152,56.7032258065,0.887179487179,0.222,0.292253521127,7.65493548387,1
109,32,6,0,2,16,1,0,6,2,0,3,1,0.294,0.386,0.404,0.789,44,19.3856923077,0.822784810127,0.11,0.293577981651,6.30618906395,0
152,46,14,0,4,5,2,1,1,1,0,0,1,0.303,0.331,0.474,0.805,72,24.245,0.738317757009,0.171,0.203947368421,6.06125,0
308,71,19,3,10,38,0,1,3,2,0,0,1,0.231,0.314,0.409,0.723,126,42.4608069164,0.690376569038,0.178,0.305194805195,4.7768407781,1
231,58,13,2,2,21,4,1,7,3,0,5,1,0.251,0.323,0.351,0.674,81,28.7022900763,0.625,0.1,0.207792207792,4.25803204429,0
301,68,17,1,4,19,2,0,8,2,0,0,3,0.226,0.274,0.329,0.603,99,29.4943384615,0.536170212766,0.103,0.186046511628,3.34599638009,0
307,65,15,0,11,23,4,0,7,4,0,0,2,0.212,0.274,0.368,0.642,113,32.6595238095,0.581300813008,0.156,0.241042345277,3.55567396313,0
314,70,18,0,9,39,3,0,3,1,0,1,1,0.223,0.314,0.366,0.68,115,39.8483798883,0.648979591837,0.143,0.273885350318,4.35589577726,1
183,43,7,0,6,24,1,0,1,2,0,0,3,0.235,0.322,0.372,0.694,68,23.9539336493,0.647887323944,0.137,0.262295081967,4.46038764504,1
288,79,21,0,8,22,0,0,4,3,0,1,4,0.274,0.322,0.431,0.752,124,41.8133333333,0.693396226415,0.157,0.236111111111,5.20258064516,1
135,34,6,0,4,6,2,0,1,0,0,1,1,0.252,0.292,0.385,0.677,52,16.1164137931,0.60396039604,0.133,0.185185185185,4.22469099431,1
373,110,28,0,25,41,5,3,12,3,0,3,3,0.295,0.37,0.571,0.941,213,84.0744,1.00751879699,0.276,0.41018766756,8.34562058824,1
256,63,16,1,10,10,2,1,1,0,0,0,2,0.246,0.278,0.434,0.711,111,32.0611111111,0.642487046632,0.188,0.23046875,4.43923076923,0
355,103,25,1,16,39,2,0,0,0,0,0,2,0.29,0.362,0.501,0.863,178,68.6351758794,0.869047619048,0.211,0.321126760563,7.29586515253,1
245,60,13,1,1,17,2,1,0,0,0,1,1,0.245,0.298,0.318,0.616,78,24.8642105263,0.524324324324,0.073,0.142857142857,3.59001970166,0
214,44,13,1,1,14,3,1,1,1,0,1,1,0.206,0.263,0.29,0.553,62,17.4386266094,0.461988304094,0.084,0.14953271028,2.72163536679,0
354,111,21,1,23,42,0,12,7,1,0,0,3,0.314,0.383,0.573,0.957,203,82.2857142857,1.02868852459,0.259,0.395480225989,8.99479467901,1
132,31,7,1,3,17,1,0,1,0,0,0,2,0.235,0.322,0.371,0.694,49,17.8076315789,0.673267326733,0.136,0.272727272727,4.66801992846,1
241,58,14,0,5,13,8,0,0,1,0,1,1,0.241,0.3,0.361,0.661,87,27.625,0.58152173913,0.12,0.170124481328,4.01008064516,0
318,70,12,0,11,32,3,0,0,1,0,0,2,0.22,0.296,0.362,0.657,115,36.6607323944,0.598393574297,0.142,0.238993710692,3.94358475955,0
268,64,17,3,3,22,2,3,7,6,0,1,1,0.239,0.3,0.358,0.659,96,29.6036734694,0.57619047619,0.119,0.205223880597,3.77027916827,0
156,30,5,0,7,7,2,0,2,1,0,0,0,0.192,0.236,0.359,0.595,56,13.6753939394,0.51968503937,0.167,0.217948717949,2.90736721546,0
360,116,29,1,10,41,1,7,1,0,0,0,5,0.322,0.388,0.492,0.88,177,73.4564127764,0.901639344262,0.17,0.286111111111,7.96515319262,1
313,76,16,8,8,28,1,2,2,0,0,0,1,0.243,0.306,0.422,0.728,132,43.0346938776,0.68776371308,0.179,0.274760383387,4.88208712056,0
301,85,15,4,11,23,2,0,23,5,0,0,3,0.282,0.334,0.468,0.803,141,51.3893617021,0.83257918552,0.186,0.322259136213,6.19425341945,1
276,71,15,3,9,27,2,0,7,2,0,0,1,0.257,0.327,0.431,0.758,119,41.8581699346,0.739130434783,0.174,0.289855072464,5.43351244344,0
196,34,4,0,6,40,4,0,0,2,0,0,0,0.173,0.325,0.286,0.611,56,21.356,0.59756097561,0.113,0.30612244898,3.51592682927,0
339,112,22,1,28,35,2,2,2,1,0,0,3,0.33,0.393,0.649,1.042,220,90.4791556728,1.13157894737,0.319,0.424778761062,10.575485728,1
312,94,18,0,13,32,2,0,0,3,0,0,3,0.301,0.367,0.484,0.851,151,57.8080229226,0.823529411765,0.183,0.275641025641,6.96793133442,1
292,69,10,0,4,22,1,3,0,0,0,0,4,0.236,0.288,0.312,0.6,91,28.3440752351,0.511210762332,0.076,0.150684931507,3.371321724,0
227,62,13,0,2,30,2,1,0,0,0,1,1,0.273,0.362,0.357,0.718,81,32.4498084291,0.684848484848,0.084,0.215859030837,5.24637621309,1
220,51,11,1,1,25,1,1,6,4,0,0,2,0.232,0.31,0.305,0.615,67,22.8595967742,0.549132947977,0.073,0.195454545455,3.52690921659,0
345,93,15,1,15,30,3,2,1,0,0,0,2,0.27,0.332,0.449,0.781,155,54.5845263158,0.75,0.179,0.269565217391,5.80229216743,1
155,32,3,0,5,13,4,0,0,0,0,0,1,0.206,0.283,0.323,0.606,50,15.5610404624,0.544715447154,0.117,0.2,3.38829106843,0
256,58,9,0,6,16,2,0,0,2,0,0,2,0.227,0.275,0.332,0.607,85,24.3234782609,0.505,0.105,0.16015625,3.25115798536,1
345,90,22,2,9,42,5,0,7,2,0,0,4,0.261,0.346,0.414,0.76,143,54.8659090909,0.758754863813,0.153,0.289855072464,5.67578369906,1
149,45,8,2,5,7,1,2,4,1,0,0,2,0.302,0.333,0.483,0.817,72,25.0777358491,0.790476190476,0.181,0.248322147651,6.32802680303,0
284,70,21,2,5,22,4,6,1,0,0,0,3,0.246,0.307,0.387,0.694,110,35.9708626198,0.640186915888,0.141,0.221830985915,4.47563728449,1
344,104,29,0,5,35,6,1,16,5,0,1,4,0.302,0.373,0.43,0.803,148,60.7815384615,0.816326530612,0.128,0.261627906977,6.56440615385,0
170,38,6,0,8,16,4,0,0,0,0,0,0,0.224,0.305,0.4,0.705,68,22.3452631579,0.666666666667,0.176,0.270588235294,4.57062200957,0
207,53,13,1,7,21,0,1,0,0,0,0,2,0.256,0.322,0.43,0.752,89,30.6424347826,0.714285714286,0.174,0.275362318841,5.30349832776,0
219,60,7,0,13,13,3,0,2,1,0,0,5,0.274,0.317,0.484,0.801,106,35.5625,0.76875,0.21,0.27397260274,5.81931818182,1
337,78,18,5,11,31,1,0,9,0,0,1,1,0.231,0.297,0.412,0.71,139,45.3757412399,0.694980694981,0.181,0.299703264095,4.69404219723,1
223,54,11,0,10,22,0,5,2,0,0,0,3,0.242,0.306,0.426,0.732,95,31.2641935484,0.704142011834,0.184,0.291479820628,4.90775131283,0
251,64,13,0,8,27,3,3,0,2,0,0,4,0.255,0.33,0.402,0.732,101,35.5410526316,0.68253968254,0.147,0.247011952191,4.97206435779,0
245,69,15,4,11,29,0,1,1,0,0,0,3,0.282,0.354,0.51,0.864,125,47.5353068592,0.880681818182,0.228,0.351020408163,7.17013008491,0
264,51,13,0,11,30,5,0,1,0,0,0,1,0.193,0.287,0.367,0.654,97,30.7134666667,0.62441314554,0.174,0.291666666667,3.8750635514,1
344,88,18,1,19,25,4,3,3,0,0,0,4,0.256,0.31,0.48,0.79,165,54.4344827586,0.76953125,0.224,0.30523255814,5.65281167109,1
210,58,8,0,21,50,1,4,2,0,0,0,1,0.276,0.416,0.614,1.03,129,59.4008396947,1.19736842105,0.338,0.585714285714,10.4825011226,1
151,43,5,0,5,12,1,2,4,1,0,0,1,0.285,0.339,0.417,0.757,63,22.82,0.724770642202,0.132,0.23178807947,5.60127272727,0
153,37,7,0,9,10,1,1,0,0,0,1,1,0.242,0.291,0.464,0.755,71,21.5826506024,0.706896551724,0.222,0.287581699346,4.93840310394,0
107,31,6,1,8,10,0,1,4,0,0,0,0,0.29,0.35,0.589,0.939,63,23.6258119658,1.01315789474,0.299,0.429906542056,8.3933805668,0
143,40,7,0,2,6,2,1,0,1,0,0,1,0.28,0.316,0.371,0.686,53,17.1117105263,0.576923076923,0.091,0.125874125874,4.40015413534,1
143,40,10,0,2,15,0,0,0,2,0,2,0,0.28,0.348,0.392,0.74,56,20.186375,0.657142857143,0.112,0.202797202797,5.09375817757,1
244,63,11,6,13,36,13,1,7,4,0,0,0,0.258,0.382,0.512,0.895,125,52.0169283276,0.956756756757,0.254,0.41393442623,7.59165980998,1
293,76,15,0,6,11,2,0,4,2,0,1,2,0.259,0.289,0.372,0.661,109,32.6658252427,0.566210045662,0.113,0.156996587031,3.97287063763,1
223,54,12,1,6,20,6,1,5,4,0,2,2,0.242,0.319,0.386,0.704,86,29.1924110672,0.653179190751,0.144,0.237668161435,4.45307965432,1
136,38,9,1,7,17,0,1,2,0,0,0,0,0.279,0.359,0.515,0.874,70,27.0326797386,0.908163265306,0.236,0.375,7.44777911164,0
334,80,16,0,19,37,7,2,2,1,0,0,1,0.24,0.327,0.458,0.785,153,53.704591029,0.776470588235,0.218,0.332335329341,5.66415608509,0
225,43,12,0,3,18,2,3,6,3,0,0,2,0.191,0.255,0.284,0.54,64,17.6307692308,0.47027027027,0.093,0.186666666667,2.5456190868,0
340,92,9,1,10,21,1,0,2,0,0,0,3,0.271,0.312,0.391,0.704,133,44.1383013699,0.633064516129,0.12,0.188235294118,4.74794476887,0
207,45,8,3,11,14,0,2,2,1,0,0,0,0.217,0.267,0.444,0.711,92,25.236561086,0.656441717791,0.227,0.299516908213,4.18028925964,0
200,48,7,1,4,18,3,2,1,1,0,1,2,0.24,0.309,0.345,0.654,69,23.0775,0.588235294118,0.105,0.195,3.99418269231,0
265,77,14,0,5,15,2,1,6,3,0,1,3,0.291,0.33,0.4,0.73,106,36.7054545455,0.659685863874,0.109,0.177358490566,5.08229370629,0
103,34,10,0,5,9,0,0,0,0,0,0,1,0.33,0.381,0.573,0.953,59,23.5396460177,0.985507246377,0.243,0.330097087379,9.07957774968,0
221,54,15,3,13,25,2,2,1,3,0,1,2,0.244,0.324,0.516,0.84,114,38.0925896414,0.817647058824,0.272,0.37556561086,5.94508624462,0
332,96,17,4,16,28,4,3,2,0,0,0,1,0.289,0.351,0.509,0.86,169,62.4569863014,0.860169491525,0.22,0.310240963855,7.11535286978,1
353,97,14,3,5,22,4,2,17,2,0,5,3,0.275,0.322,0.374,0.696,132,47.2869250646,0.670542635659,0.099,0.203966005666,4.79980066445,1
188,46,8,1,6,9,0,0,7,2,0,0,1,0.245,0.278,0.394,0.671,74,21.547979798,0.611111111111,0.149,0.223404255319,4.01238244514,0
277,60,11,0,12,9,7,0,1,1,0,0,3,0.217,0.257,0.386,0.643,107,28.6925675676,0.564220183486,0.169,0.202166064982,3.5054268069,1
305,74,9,0,13,38,1,1,9,5,0,0,1,0.243,0.328,0.4,0.728,122,42.912,0.699152542373,0.157,0.295081967213,4.88870886076,0
334,81,25,2,8,14,3,0,11,0,0,0,5,0.243,0.275,0.401,0.676,134,40.3947191011,0.640316205534,0.158,0.233532934132,4.22735432454,0
194,44,9,1,6,15,4,1,0,0,0,0,1,0.227,0.294,0.376,0.671,73,23.0214953271,0.613333333333,0.149,0.226804123711,4.11642631677,0
182,46,8,1,9,16,3,1,0,0,0,0,0,0.253,0.323,0.456,0.779,83,28.3542288557,0.75,0.203,0.291208791209,5.62914837577,1
330,86,18,2,3,23,2,0,4,2,0,0,2,0.261,0.311,0.355,0.665,117,38.6598879552,0.585365853659,0.094,0.169696969697,4.20893941448,0
294,76,22,0,11,23,6,0,0,0,0,0,3,0.259,0.322,0.446,0.768,131,45.1242331288,0.733944954128,0.187,0.265306122449,5.51291535963,1
279,65,21,2,13,43,3,3,4,2,0,0,4,0.233,0.337,0.462,0.8,129,47.8208510638,0.819444444444,0.229,0.390681003584,5.86892263056,0
174,50,11,3,12,14,4,2,9,2,0,0,2,0.287,0.351,0.592,0.942,103,38.4024742268,1.01587301587,0.305,0.425287356322,8.10052190722,1
287,82,18,1,5,34,3,3,3,1,0,0,2,0.286,0.365,0.408,0.773,117,46.4905521472,0.757281553398,0.122,0.247386759582,6.03483128834,1
302,75,23,4,9,28,10,1,8,0,0,0,2,0.248,0.33,0.44,0.771,133,48.8411111111,0.788546255507,0.192,0.311258278146,5.75855895197,1
252,67,17,0,11,23,0,2,7,3,0,0,1,0.266,0.326,0.464,0.79,117,39.912826087,0.765957446809,0.198,0.305555555556,5.70183229814,0
343,84,15,0,14,17,2,2,0,0,0,0,1,0.245,0.284,0.411,0.695,141,41.4099724518,0.617760617761,0.166,0.215743440233,4.30026636999,0
177,45,7,0,6,14,2,0,4,1,0,0,2,0.254,0.313,0.395,0.708,70,23.7784615385,0.669172932331,0.141,0.237288135593,4.75569230769,0
345,101,26,1,27,54,3,8,19,2,0,0,1,0.293,0.392,0.609,1.001,210,90.2477419355,1.15447154472,0.316,0.521739130435,9.86513778242,1
282,82,11,0,14,21,0,1,0,0,0,0,0,0.291,0.34,0.479,0.819,135,47.6587458746,0.78,0.188,0.262411347518,6.43393069307,0
265,84,20,3,12,16,6,0,1,2,0,0,1,0.317,0.368,0.551,0.919,146,55.1633333333,0.912568306011,0.234,0.290566037736,8.09461956522,0
234,62,9,0,8,27,0,1,5,1,0,1,2,0.265,0.338,0.406,0.744,95,35.3066666667,0.728323699422,0.141,0.273504273504,5.41636363636,1
276,77,25,0,13,30,0,3,0,1,0,0,4,0.279,0.345,0.511,0.856,141,51.324516129,0.85,0.232,0.336956521739,6.79295066414,1
169,40,14,1,5,16,2,0,1,0,0,0,1,0.237,0.309,0.42,0.729,71,23.6689361702,0.697674418605,0.183,0.284023668639,4.91585597381,0
111,33,3,0,10,14,0,0,0,0,0,0,2,0.297,0.37,0.595,0.965,66,26.1571653543,1.02564102564,0.298,0.423423423423,8.82804330709,0
140,38,5,3,5,6,0,0,0,1,0,3,0,0.271,0.301,0.457,0.759,64,19.3702013423,0.669902912621,0.186,0.221428571429,4.93391920983,0
305,72,12,0,12,35,12,5,3,2,0,0,5,0.236,0.333,0.393,0.727,120,44.2699159664,0.714893617021,0.157,0.275409836066,4.98036554622,0
231,61,12,0,7,40,9,0,1,2,0,0,1,0.264,0.391,0.407,0.798,94,41.424341637,0.825581395349,0.143,0.311688311688,6.46507066011,0
311,80,9,0,7,19,8,2,6,1,0,2,3,0.257,0.314,0.354,0.667,110,37.7706122449,0.612068965517,0.097,0.173633440514,4.30298114182,1
114,32,8,0,6,12,0,0,0,0,0,1,1,0.281,0.346,0.509,0.855,58,21.3675,0.853658536585,0.228,0.333333333333,6.868125,1
272,67,15,4,4,16,2,4,5,5,0,3,1,0.246,0.292,0.375,0.667,102,30.019047619,0.571428571429,0.129,0.1875,3.78744993324,1
357,107,23,2,18,23,0,4,6,1,0,1,0,0.3,0.342,0.527,0.869,188,66.5585826772,0.860557768924,0.227,0.305322128852,7.13127671541,1
281,78,18,1,5,30,2,2,4,0,0,1,2,0.278,0.349,0.402,0.751,113,43.317721519,0.733990147783,0.124,0.245551601423,5.67756544181,1
339,88,19,9,5,21,5,0,9,1,0,0,3,0.26,0.31,0.413,0.723,140,46.9809782609,0.690476190476,0.153,0.238938053097,4.97445652174,1
231,44,14,0,14,31,2,0,0,0,0,0,1,0.19,0.291,0.433,0.723,100,31.700754717,0.711229946524,0.243,0.376623376623,4.55276796467,0
198,51,7,0,8,18,1,2,0,0,0,0,1,0.258,0.321,0.414,0.735,82,27.9165137615,0.687074829932,0.156,0.247474747475,5.09287751054,0
148,30,9,0,7,14,0,0,0,0,0,0,1,0.203,0.27,0.405,0.675,60,17.3192638037,0.627118644068,0.202,0.297297297297,3.92958086302,0
309,66,17,1,14,74,1,4,1,1,0,0,6,0.214,0.362,0.411,0.773,127,53.5230769231,0.827868852459,0.197,0.436893203883,5.78049230769,0
189,47,11,0,3,18,1,1,1,1,0,0,3,0.249,0.313,0.354,0.667,67,22.7222748815,0.601398601399,0.105,0.201058201058,4.20206453288,0
262,73,15,0,12,24,7,1,3,1,0,0,2,0.279,0.353,0.473,0.826,124,46.9261016949,0.826315789474,0.194,0.293893129771,6.59898305085,1
290,66,17,1,10,12,3,1,0,1,0,1,1,0.228,0.265,0.397,0.661,115,31.186970684,0.573333333333,0.169,0.206896551724,3.70946347343,1
259,64,10,1,17,52,1,10,3,3,0,1,1,0.247,0.374,0.49,0.864,127,51.1112101911,0.909090909091,0.243,0.444015444015,6.9000133758,1
356,84,22,0,16,22,4,1,1,1,0,0,2,0.236,0.286,0.433,0.719,154,46.00140625,0.659340659341,0.197,0.258426966292,4.51650170455,0
356,117,25,2,7,17,2,0,14,6,0,3,5,0.329,0.358,0.469,0.827,167,62.2438642298,0.791836734694,0.14,0.210674157303,6.64262582689,1
371,94,19,2,7,32,0,0,7,2,0,1,5,0.253,0.309,0.372,0.681,138,46.4105623472,0.627240143369,0.119,0.21832884097,4.3967901171,1
181,31,9,0,2,17,4,4,1,0,0,0,1,0.171,0.256,0.254,0.51,46,13.1818719212,0.453333333333,0.083,0.182320441989,2.35702345611,0
298,72,19,0,16,46,1,4,1,2,0,1,3,0.242,0.342,0.466,0.808,139,51.2185100287,0.811403508772,0.224,0.375838926174,5.96077487402,0
305,95,17,2,6,27,3,2,5,2,0,1,2,0.311,0.371,0.439,0.81,134,52.9263905325,0.787735849057,0.128,0.226229508197,6.64656997385,1
258,71,13,5,1,23,3,0,16,6,0,6,1,0.275,0.34,0.376,0.716,97,36.1873539519,0.689119170984,0.101,0.228682170543,4.88529278351,1
289,70,23,0,14,54,3,2,0,1,0,0,3,0.242,0.364,0.467,0.831,135,54.4652148997,0.868181818182,0.225,0.40830449827,6.59444305961,1
347,86,18,0,16,28,2,1,1,0,0,0,2,0.248,0.306,0.438,0.744,152,49.307651715,0.701149425287,0.19,0.273775216138,5.06200226732,0
223,59,18,0,9,28,4,0,3,0,0,0,2,0.265,0.354,0.466,0.82,104,40.6915175097,0.84756097561,0.201,0.340807174888,6.61849983592,0
161,49,11,0,9,31,0,2,1,0,0,0,0,0.304,0.417,0.54,0.957,87,39.6083333333,1.0625,0.236,0.434782608696,9.5484375,0
253,67,13,2,8,36,1,0,6,3,0,0,3,0.265,0.355,0.427,0.782,108,42.1580204778,0.783068783069,0.162,0.316205533597,5.92847162969,0
185,43,5,2,6,6,2,0,5,1,0,2,0,0.232,0.264,0.378,0.643,70,19.4153846154,0.573426573427,0.146,0.2,3.61527851459,0
365,91,17,0,15,41,5,0,6,1,0,0,2,0.249,0.332,0.419,0.751,153,55.6908474576,0.741818181818,0.17,0.295890410959,5.42834975219,0
355,98,18,1,22,35,6,3,2,0,0,0,4,0.276,0.348,0.518,0.866,184,68.4575,0.88326848249,0.242,0.346478873239,7.08181034483,1
154,39,12,0,7,16,4,0,0,0,0,0,0,0.253,0.339,0.468,0.807,72,26.1770114943,0.8,0.215,0.318181818182,6.14590704648,0
350,101,26,5,17,30,5,1,12,4,0,0,3,0.289,0.351,0.537,0.888,188,69.6197938144,0.913043478261,0.248,0.357142857143,7.34271262887,1
285,89,14,2,19,39,6,4,1,0,0,0,4,0.312,0.401,0.575,0.977,164,71.1162874251,1.07142857143,0.263,0.40350877193,9.6006988024,0
211,58,14,0,8,17,7,0,0,0,0,0,4,0.275,0.343,0.455,0.798,96,35.7917991632,0.78431372549,0.18,0.260663507109,6.15527756309,0
291,72,18,3,7,22,1,7,3,2,0,3,0,0.247,0.303,0.402,0.705,117,36.4606940063,0.638009049774,0.155,0.233676975945,4.3948157954,1
333,85,20,8,10,33,7,0,4,4,0,0,2,0.255,0.333,0.453,0.787,151,53.08512,0.757936507937,0.198,0.297297297297,5.64290645669,1
272,66,18,2,5,25,0,1,23,5,0,2,0,0.243,0.306,0.379,0.685,103,35.1593311037,0.691943127962,0.136,0.294117647059,4.45681661878,0
154,39,6,2,13,21,2,3,5,0,0,0,0,0.253,0.35,0.571,0.922,88,33.5570621469,1.00869565217,0.318,0.487012987013,7.87861459101,1
218,64,10,1,15,17,3,2,2,1,0,1,2,0.294,0.35,0.555,0.905,121,44.1794190871,0.916129032258,0.261,0.344036697248,7.54964756552,0
178,41,6,2,6,9,4,1,1,1,0,0,0,0.23,0.283,0.388,0.67,69,20.1566492147,0.594202898551,0.158,0.207865168539,3.94369223765,1
322,101,18,3,25,80,5,17,14,0,0,0,2,0.314,0.455,0.621,1.076,200,102.777506112,1.35294117647,0.307,0.599378881988,12.4439132961,1
220,55,10,0,12,18,2,0,0,0,0,0,0,0.25,0.313,0.459,0.772,101,33.1875,0.733333333333,0.209,0.290909090909,5.43068181818,0
162,42,7,0,5,21,4,1,1,0,0,0,1,0.259,0.356,0.395,0.751,64,25.4029787234,0.75,0.136,0.271604938272,5.66843326886,0
371,100,14,2,11,42,3,2,22,5,0,0,0,0.27,0.349,0.407,0.756,151,58.4298076923,0.771739130435,0.137,0.296495956873,5.71595944816,0
334,82,10,0,17,44,4,1,4,0,0,0,5,0.246,0.336,0.428,0.764,143,53.7131782946,0.77380952381,0.182,0.326347305389,5.64301873134,0
129,30,8,1,1,13,1,2,2,0,0,0,1,0.233,0.306,0.333,0.639,43,14.5688888889,0.59595959596,0.1,0.217054263566,3.9336,1
241,51,8,0,9,14,1,1,2,0,0,0,2,0.212,0.256,0.357,0.613,86,23.463255814,0.542105263158,0.145,0.211618257261,3.29952034884,0
205,51,7,1,9,20,0,2,1,1,0,0,4,0.249,0.31,0.424,0.734,87,28.8192139738,0.690322580645,0.175,0.273170731707,4.893828788,0
207,44,9,0,3,7,3,0,2,1,0,1,0,0.213,0.249,0.3,0.548,62,16.0847706422,0.44512195122,0.087,0.125603864734,2.63205337781,0
259,59,10,0,18,16,5,0,2,0,0,0,1,0.228,0.285,0.475,0.76,123,37.0163701068,0.73,0.247,0.316602316602,4.9723482233,1
248,65,10,1,6,17,2,0,13,2,0,0,1,0.262,0.313,0.383,0.696,95,32.806119403,0.675675675676,0.121,0.233870967742,4.76217862301,0
329,96,19,2,9,70,6,3,1,0,0,0,1,0.292,0.424,0.444,0.867,146,70.3335960591,0.957081545064,0.152,0.367781155015,8.1154149299,1
183,36,7,0,2,20,1,1,0,0,0,0,1,0.197,0.278,0.268,0.546,49,15.2148292683,0.47619047619,0.071,0.180327868852,2.77567831246,0
252,70,9,3,3,16,4,1,7,1,0,0,5,0.278,0.325,0.373,0.698,94,33.7942960289,0.655737704918,0.095,0.18253968254,4.85343613181,1
225,57,7,2,11,20,5,2,2,1,0,0,0,0.253,0.328,0.449,0.777,101,34.99848,0.751479289941,0.196,0.288888888889,5.59147313609,1
255,73,14,0,7,46,2,2,0,0,0,1,1,0.286,0.398,0.424,0.822,108,48.0032786885,0.857142857143,0.138,0.317647058824,7.04395937277,1
220,48,8,2,7,18,12,2,3,2,0,4,2,0.218,0.31,0.368,0.678,81,27.5975,0.64367816092,0.15,0.236363636364,4.139625,0
297,86,14,2,11,31,4,1,12,2,0,0,2,0.29,0.362,0.461,0.824,137,54.5547305389,0.854460093897,0.171,0.309764309764,6.85105918396,1
240,70,12,1,6,37,2,1,2,1,0,0,3,0.292,0.387,0.425,0.812,102,43.8434042553,0.830409356725,0.133,0.291666666667,6.8032868672,1
201,38,7,0,12,11,6,0,0,0,0,0,1,0.189,0.251,0.403,0.654,81,21.5831050228,0.601226993865,0.214,0.268656716418,3.55331607083,0
